Workbook

Sheet Vacation Tracker
A1: Vacation Totals
A3: Employee | B3: Days Earned | C3: Days Used | D3: Days Remaining
A4: Justin Bausinger | B4: 10 | C4: ='Emp1'!D5 | D4: =B4-C4
A5: Davion Burris | B5: 5 | C5: ='Emp2'!D5 | D5: =B5-C5
A6: Chris Classen | B6: 5 | C6: ='Emp3'!D5 | D6: =B6-C6
A7: Jeremy Denton | B7: 10 | C7: ='Emp4'!D5 | D7: =B7-C7
A8: Glen Hayes | B8: 10 | C8: ='Emp5'!D5 | D8: =B8-C8
A9: Mike Mato | B9: 10 | C9: ='Emp6'!D5 | D9: =B9-C9
A10: Mike Mato Jr | B10: 5 | C10: ='Emp7'!D5 | D10: =B10-C10
A11: Kenny Ray | B11: 10 | C11: ='Emp8'!D5 | D11: =B11-C11
A12: New Employee 1 | B12: 0 | C12: ='Emp9'!D5 | D12: =B12-C12
A13: New Employee2 | B13: 0 | C13: ='Emp10'!D5 | D13: =B13-C13
A14: New Employee3 | B14: 0 | C14: ='Emp11'!D5 | D14: =B14-C14
A15: New Employee4 | B15: 0 | C15: ='Emp12'!D5 | D15: =B15-C15
A16: New Employee5 | B16: 0 | C16: ='Emp13'!D5 | D16: =B16-C16
A17: New Employee6 | B17: 0 | C17: ='Emp14'!D5 | D17: =B17-C17
A18: New Employee7 | B18: 0 | C18: ='Emp15'!D5 | D18: =B18-C18

Sheet Emp1
A1: Vacation Day Record
A3: Employee | B3: Justin Bausinger
A5: Date Requested | B5: Requested Days | C5: Total Used Days | D5: =SUM(B6:B15)
A6: 46058.404 | B6: 1

Sheet Emp2
A1: Vacation Day Record
A3: Employee | B3: Davion Burris
A5: Date Requested | B5: Requested Days | C5: Total Used Days | D5: =SUM(B6:B15)

Sheet Emp3
A1: Vacation Day Record
A3: Employee | B3: Chris Classen
A5: Date Requested | B5: Requested Days | C5: Total Used Days | D5: =SUM(B6:B15)

Sheet Emp4
A1: Vacation Day Record
A3: Employee | B3: Jeremy Denton
A5: Date Requested | B5: Requested Days | C5: Total Used Days | D5: =SUM(B6:B15)

Sheet Emp5
A1: Vacation Day Record
A3: Employee | B3: Glen Hayes
A5: Date Requested | B5: Requested Days | C5: Total Used Days | D5: =SUM(B6:B15)
A6: 46058.404 | B6: 1
A7: 46072.342 | B7: 2

Sheet Emp6
A1: Vacation Day Record
A3: Employee | B3: Mike Mato
A5: Date Requested | B5: Requested Days | C5: Total Used Days | D5: =SUM(B6:B15)

Sheet Emp7
A1: Vacation Day Record
A3: Employee | B3: Mike Mato Jr
A5: Date Requested | B5: Requested Days | C5: Total Used Days | D5: =SUM(B6:B15)
A6: 46058.404 | B6: 1

Sheet Emp8
A1: Vacation Day Record
A3: Employee | B3: Kenny Ray
A5: Date Requested | B5: Requested Days | C5: Total Used Days | D5: =SUM(B6:B15)

Sheet Emp9
A1: Vacation Day Record
A3: Employee | B3: New Employee 1
A5: Date Requested | B5: Requested Days | C5: Total Used Days | D5: =SUM(B6:B15)

Sheet Emp10
A1: Vacation Day Record
A3: Employee | B3: New Employee2
A5: Date Requested | B5: Requested Days | C5: Total Used Days | D5: =SUM(B6:B15)

Sheet Emp11
A1: Vacation Day Record
A3: Employee | B3: New Employee3
A5: Date Requested | B5: Requested Days | C5: Total Used Days | D5: =SUM(B6:B15)

Sheet Emp12
A1: Vacation Day Record
A3: Employee | B3: New Employee4
A5: Date Requested | B5: Requested Days | C5: Total Used Days | D5: =SUM(B6:B15)

Sheet Emp13
A1: Vacation Day Record
A3: Employee | B3: New Employee5
A5: Date Requested | B5: Requested Days | C5: Total Used Days | D5: =SUM(B6:B15)

Sheet Emp14
A1: Vacation Day Record
A3: Employee | B3: New Employee6
A5: Date Requested | B5: Requested Days | C5: Total Used Days | D5: =SUM(B6:B15)

Sheet Emp15
A1: Vacation Day Record
A3: Employee | B3: New Employee7
A5: Date Requested | B5: Requested Days | C5: Total Used Days | D5: =SUM(B6:B15)
