Workbook

Sheet Payroll Summary
A1: Payroll Summary
A3: Employee Name | B3: Total Pay | C3: Work Wages | D3: Vacation | E3: Holiday
A4: ='Emp1&Emp2'!B1 -> Justin Bausinger | B4: =SUM(C4:E4) -> 723.04 | C4: =SUM('Emp1&Emp2'!A15:J15,'Emp1&Emp2'!L15) -> 723.04 | D4: ='Emp1&Emp2'!K4 -> 0
A5: ='Emp1&Emp2'!B19 -> Davion Burris | B5: =SUM(C5:E5) -> 758.6 | C5: =SUM('Emp1&Emp2'!A33:J33,'Emp1&Emp2'!L33) -> 758.6 | D5: ='Emp1&Emp2'!K22 -> 0
A6: ='Emp3&Emp4'!B1 -> Chris Classen | B6: =SUM(C6:E6) -> 633.61 | C6: =SUM('Emp3&Emp4'!A15:J15,'Emp3&Emp4'!L15) -> 633.61 | D6: ='Emp3&Emp4'!K4 -> 0
A7: ='Emp3&Emp4'!B19 -> Jeremy Denton | B7: =SUM(C7:E7) -> 633.61 | C7: =SUM('Emp3&Emp4'!A33:J33,'Emp3&Emp4'!L33) -> 633.61 | D7: ='Emp3&Emp4'!K22 -> 0
A8: ='Emp5&Emp6'!B1 -> Glen Hayes | B8: =SUM(C8:E8) -> 633.61 | C8: =SUM('Emp5&Emp6'!A15:J15,'Emp5&Emp6'!L15) -> 633.61 | D8: ='Emp5&Emp6'!K4 -> 0
A9: ='Emp5&Emp6'!B19 -> Mike Mato | B9: =SUM(C9:E9) -> 758.6 | C9: =SUM('Emp5&Emp6'!A33:J33,'Emp5&Emp6'!L33) -> 758.6 | D9: ='Emp5&Emp6'!K22 -> 0
A10: ='Emp7&Emp8'!B1 -> Mike Mato Jr | B10: =SUM(C10:E10) -> 818.6 | C10: =SUM('Emp7&Emp8'!A15:J15,'Emp7&Emp8'!L15) -> 818.6 | D10: ='Emp7&Emp8'!K4 -> 0
A11: ='Emp7&Emp8'!B19 -> Kenny Ray | B11: =SUM(C11:E11) -> 763.04 | C11: =SUM('Emp7&Emp8'!A33:J33,'Emp7&Emp8'!L33) -> 763.04 | D11: ='Emp7&Emp8'!K22 -> 0
A12: ='Emp9&Emp10'!B1 -> New Employee 1 | B12: =SUM(C12:E12) -> 0 | C12: =SUM('Emp9&Emp10'!A15:J15,'Emp9&Emp10'!L15) -> 0 | D12: ='Emp9&Emp10'!K4 -> 0
A13: ='Emp9&Emp10'!B19 -> New Employee2 | B13: =SUM(C13:E13) -> 0 | C13: =SUM('Emp9&Emp10'!A33:J33,'Emp9&Emp10'!L33) -> 0 | D13: ='Emp9&Emp10'!K22 -> 0
A14: ='Emp11&Emp12'!B1 -> New Employee3 | B14: =SUM(C14:E14) -> 0 | C14: =SUM('Emp11&Emp12'!A15:J15,'Emp11&Emp12'!L15) -> 0 | D14: ='Emp11&Emp12'!K4 -> 0
A15: ='Emp11&Emp12'!B19 -> New Employee4 | B15: =SUM(C15:E15) -> 0 | C15: =SUM('Emp11&Emp12'!A33:J33,'Emp11&Emp12'!L33) -> 0 | D15: ='Emp11&Emp12'!K22 -> 0
A16: ='Emp13&Emp14'!B1 -> New Employee5 | B16: =SUM(C16:E16) -> 0 | C16: =SUM('Emp13&Emp14'!A15:J15,'Emp13&Emp14'!L15) -> 0 | D16: ='Emp13&Emp14'!K4 -> 0
A17: ='Emp13&Emp14'!B19 -> New Employee6 | B17: =SUM(C17:E17) -> 0 | C17: =SUM('Emp13&Emp14'!A33:J33,'Emp13&Emp14'!L33) -> 0 | D17: ='Emp13&Emp14'!K22 -> 0
A18: ='Emp15&Open'!B1 -> New Employee7 | B18: =SUM(C18:E18) -> 0 | C18: =SUM('Emp15&Open'!A15:J15,'Emp15&Open'!L15) -> 0 | D18: ='Emp15&Open'!K4 -> 0
A21: Office | B21: Salary | C21: Commission | D21: Vacation | E21: Holiday
A22: Mike Frank | B22: 1155
A23: Don Wood | B23: 1057.7
A27: Total Payroll Summary
A28: Office Payroll | B28: =SUM(B22:E25) -> 2212.7
A29: Employee Payroll | B29: =SUM(B4:B18) -> 5722.71
A30: Total Payroll | B30: =SUM(B28:B29) -> 7935.41

Sheet Emp1&Emp2
A1: Name: | B1: Justin Bausinger
A3: Batt>10ft | B3: Batt<10ft | C3: Soffit | D3: Caulk&Foam | E3: Bonus | F3: Cellulose | G3: Other Pay | H3: BIBS | I3: Attic | J3: Spray Foam | K3: Vacation | L3: Shop Pay | M3: Holiday
A4: =Emp1Record!B3 -> 0 | B4: =Emp1Record!C3 -> 0 | C4: =Emp1Record!D3 -> 0 | D4: =Emp1Record!E3 -> 0 | E4: =Emp1Record!F3 -> 0 | F4: =Emp1Record!G3 -> 0 | G4: =Emp1Record!H3 -> 0 | H4: =Emp1Record!I3 -> 0 | I4: =Emp1Record!J3 -> 0 | J4: =Emp1Record!S3 -> 0 | K4: =Emp1Record!AB3 -> 0 | L4: =Emp1Record!AC3 -> 0 | M4: ='Payroll Summary'!E4 -> 0
C5: =Emp1Record!O3 -> 0 | D5: =Emp1Record!R3 -> 0 | E5: =Emp1Record!P3 -> 0 | G5: =Emp1Record!Q3 -> 0 | I5: =Emp1Record!K3 -> 0 | J5: =Emp1Record!T3 -> 0 | L5: 250
E6: =Emp1Record!Z3 -> 400 | G6: =Emp1Record!AA3 -> 0 | I6: =Emp1Record!L3 -> 0 | J6: =Emp1Record!U3 -> 73.04
I7: =Emp1Record!M3 -> 0 | J7: =Emp1Record!V3 -> 0
I8: =Emp1Record!N3 -> 0 | J8: =Emp1Record!W3 -> 0
J9: =Emp1Record!X3 -> 0
I10: =I4*'Pay Rates'!B10 -> 0 | J10: =Emp1Record!Y3 -> 0
I11: =I5*'Pay Rates'!B11 -> 0
I12: =I6*'Pay Rates'!B12 -> 0
I13: =I7*'Pay Rates'!B13 -> 0
I14: =I8*'Pay Rates'!B14 -> 0
A15: =A4*'Pay Rates'!B3 -> 0 | B15: =B4*'Pay Rates'!B4 -> 0 | C15: =SUM(C4:C5) -> 0 | D15: =SUM(D4:D5) -> 0 | E15: =SUM(E4:E6) -> 400 | F15: =SUM(F4) -> 0 | G15: =SUM(G4:G6) -> 0 | H15: =SUM(H4) -> 0 | I15: =SUM(I10:I14) -> 0 | J15: =SUM(J4:J10) -> 73.04 | K15: =SUM(K4) -> 0 | L15: =SUM(L4:L14) -> 250 | M15: =SUM(M4) -> 0
A16: Total Pay | B16: =SUM(A15:M15) -> 723.04
A19: Name: | B19: Davion Burris
A21: Batt>10ft | B21: Batt<10ft | C21: Soffit | D21: Caulk&Foam | E21: Bonus | F21: Cellulose | G21: Other Pay | H21: BIBS | I21: Attic | J21: Spray Foam | K21: Vacation | L21: Shop Pay | M21: Holiday
A22: =Emp2Record!B3 -> 432 | B22: =Emp2Record!C3 -> 0 | C22: =Emp2Record!D3 -> 0 | D22: =Emp2Record!E3 -> 0 | E22: =Emp2Record!F3 -> 166.67 | F22: =Emp2Record!G3 -> 0 | G22: =Emp2Record!H3 -> 293.23 | H22: =Emp2Record!I3 -> 0 | I22: =Emp2Record!J3 -> 0 | J22: =Emp2Record!S3 -> 0 | K22: =Emp2Record!AB3 -> 0 | L22: =Emp2Record!AC3 -> 231.73 | M22: ='Payroll Summary'!E5 -> 0
C23: =Emp2Record!O3 -> 0 | D23: =Emp2Record!R3 -> 0 | E23: =Emp2Record!P3 -> 0 | G23: =Emp2Record!Q3 -> 0 | I23: =Emp2Record!K3 -> 81 | J23: =Emp2Record!T3 -> 0
E24: =Emp2Record!Z3 -> 0 | G24: =Emp2Record!AA3 -> 0 | I24: =Emp2Record!L3 -> 208 | J24: =Emp2Record!U3 -> 0
I25: =Emp2Record!M3 -> 0 | J25: =Emp2Record!V3 -> 0
I26: =Emp2Record!N3 -> 0 | J26: =Emp2Record!W3 -> 0
J27: =Emp2Record!X3 -> 0
I28: =I22*'Pay Rates'!B10 -> 0 | J28: =Emp2Record!Y3 -> 0
I29: =I23*'Pay Rates'!B11 -> 7.29
I30: =I24*'Pay Rates'!B12 -> 20.8
I31: =I25*'Pay Rates'!B13 -> 0
I32: =I26*'Pay Rates'!B14 -> 0
A33: =A22*'Pay Rates'!B3 -> 38.88 | B33: =B22*'Pay Rates'!B4 -> 0 | C33: =SUM(C22:C23) -> 0 | D33: =SUM(D22:D23) -> 0 | E33: =SUM(E22:E24) -> 166.67 | F33: =SUM(F22) -> 0 | G33: =SUM(G22:G24) -> 293.23 | H33: =SUM(H22) -> 0 | I33: =SUM(I28:I32) -> 28.09 | J33: =SUM(J22:J28) -> 0 | K33: =SUM(K22) -> 0 | L33: =SUM(L22:L32) -> 231.73 | M33: =SUM(M22) -> 0
A34: Total Pay | B34: =SUM(A33:M33) -> 758.6

Sheet Emp3&Emp4
A1: Name: | B1: Chris Classen
A3: Batt>10ft | B3: Batt<10ft | C3: Soffit | D3: Caulk&Foam | E3: Bonus | F3: Cellulose | G3: Other Pay | H3: BIBS | I3: Attic | J3: Spray Foam | K3: Vacation | L3: Shop Pay | M3: Holiday
A4: =Emp3Record!B3 -> 302 | B4: =Emp3Record!C3 -> 0 | C4: =Emp3Record!D3 -> 4.4 | D4: =Emp3Record!E3 -> 8 | E4: =Emp3Record!F3 -> 100 | F4: =Emp3Record!G3 -> 0 | G4: =Emp3Record!H3 -> 0 | H4: =Emp3Record!I3 -> 31 | I4: =Emp3Record!J3 -> 1123 | J4: =Emp3Record!S3 -> 0 | K4: =Emp3Record!AB3 -> 0 | L4: =Emp3Record!AC3 -> 231.73 | M4: ='Payroll Summary'!E6 -> 0
C5: =Emp3Record!O3 -> 34.17 | D5: =Emp3Record!R3 -> 0 | E5: =Emp3Record!P3 -> 0 | G5: =Emp3Record!Q3 -> 50 | I5: =Emp3Record!K3 -> 81 | J5: =Emp3Record!T3 -> 0 | L5: 50
E6: =Emp3Record!Z3 -> 0 | G6: =Emp3Record!AA3 -> 0 | I6: =Emp3Record!L3 -> 0 | J6: =Emp3Record!U3 -> 0
I7: =Emp3Record!M3 -> 0 | J7: =Emp3Record!V3 -> 0
I8: =Emp3Record!N3 -> 0 | J8: =Emp3Record!W3 -> 0
J9: =Emp3Record!X3 -> 0
I10: =I4*'Pay Rates'!B10 -> 89.84 | J10: =Emp3Record!Y3 -> 0
I11: =I5*'Pay Rates'!B11 -> 7.29
I12: =I6*'Pay Rates'!B12 -> 0
I13: =I7*'Pay Rates'!B13 -> 0
I14: =I8*'Pay Rates'!B14 -> 0
A15: =A4*'Pay Rates'!B3 -> 27.18 | B15: =B4*'Pay Rates'!B4 -> 0 | C15: =SUM(C4:C5) -> 38.57 | D15: =SUM(D4:D5) -> 8 | E15: =SUM(E4:E6) -> 100 | F15: =SUM(F4) -> 0 | G15: =SUM(G4:G6) -> 50 | H15: =SUM(H4) -> 31 | I15: =SUM(I10:I14) -> 97.13 | J15: =SUM(J4:J10) -> 0 | K15: =SUM(K4) -> 0 | L15: =SUM(L4:L14) -> 281.73 | M15: =SUM(M4) -> 0
A16: Total Pay | B16: =SUM(A15:M15) -> 633.61
A19: Name: | B19: Jeremy Denton
A21: Batt>10ft | B21: Batt<10ft | C21: Soffit | D21: Caulk&Foam | E21: Bonus | F21: Cellulose | G21: Other Pay | H21: BIBS | I21: Attic | J21: Spray Foam | K21: Vacation | L21: Shop Pay | M21: Holiday
A22: =Emp4Record!B3 -> 302 | B22: =Emp4Record!C3 -> 0 | C22: =Emp4Record!D3 -> 4.4 | D22: =Emp4Record!E3 -> 8 | E22: =Emp4Record!F3 -> 100 | F22: =Emp4Record!G3 -> 0 | G22: =Emp4Record!H3 -> 0 | H22: =Emp4Record!I3 -> 31 | I22: =Emp4Record!J3 -> 1123 | J22: =Emp4Record!S3 -> 0 | K22: =Emp4Record!AB3 -> 0 | L22: =Emp4Record!AC3 -> 231.73 | M22: ='Payroll Summary'!E7 -> 0
C23: =Emp4Record!O3 -> 34.17 | D23: =Emp4Record!R3 -> 0 | E23: =Emp4Record!P3 -> 0 | G23: =Emp4Record!Q3 -> 50 | I23: =Emp4Record!K3 -> 81 | J23: =Emp4Record!T3 -> 0 | L23: 50
E24: =Emp4Record!Z3 -> 0 | G24: =Emp4Record!AA3 -> 0 | I24: =Emp4Record!L3 -> 0 | J24: =Emp4Record!U3 -> 0
I25: =Emp4Record!M3 -> 0 | J25: =Emp4Record!V3 -> 0
I26: =Emp4Record!N3 -> 0 | J26: =Emp4Record!W3 -> 0
J27: =Emp4Record!X3 -> 0
I28: =I22*'Pay Rates'!B10 -> 89.84 | J28: =Emp4Record!Y3 -> 0
I29: =I23*'Pay Rates'!B11 -> 7.29
I30: =I24*'Pay Rates'!B12 -> 0
I31: =I25*'Pay Rates'!B13 -> 0
I32: =I26*'Pay Rates'!B14 -> 0
A33: =A22*'Pay Rates'!B3 -> 27.18 | B33: =B22*'Pay Rates'!B4 -> 0 | C33: =SUM(C22:C23) -> 38.57 | D33: =SUM(D22:D23) -> 8 | E33: =SUM(E22:E24) -> 100 | F33: =SUM(F22) -> 0 | G33: =SUM(G22:G24) -> 50 | H33: =SUM(H22) -> 31 | I33: =SUM(I28:I32) -> 97.13 | J33: =SUM(J22:J28) -> 0 | K33: =SUM(K22) -> 0 | L33: =SUM(L22:L32) -> 281.73 | M33: =SUM(M22) -> 0
A34: Total Pay | B34: =SUM(A33:M33) -> 633.61

Sheet Emp5&Emp6
A1: Name: | B1: Glen Hayes
A3: Batt>10ft | B3: Batt<10ft | C3: Soffit | D3: Caulk&Foam | E3: Bonus | F3: Cellulose | G3: Other Pay | H3: BIBS | I3: Attic | J3: Spray Foam | K3: Vacation | L3: Shop Pay | M3: Holiday
A4: =Emp5Record!B3 -> 302 | B4: =Emp5Record!C3 -> 0 | C4: =Emp5Record!D3 -> 4.4 | D4: =Emp5Record!E3 -> 8 | E4: =Emp5Record!F3 -> 100 | F4: =Emp5Record!G3 -> 0 | G4: =Emp5Record!H3 -> 0 | H4: =Emp5Record!I3 -> 31 | I4: =Emp5Record!J3 -> 1123 | J4: =Emp5Record!S3 -> 0 | K4: =Emp5Record!AB3 -> 0 | L4: =Emp5Record!AC3 -> 231.73 | M4: ='Payroll Summary'!E8 -> 0
C5: =Emp5Record!O3 -> 34.17 | D5: =Emp5Record!R3 -> 0 | E5: =Emp5Record!P3 -> 0 | G5: =Emp5Record!Q3 -> 50 | I5: =Emp5Record!K3 -> 81 | J5: =Emp5Record!T3 -> 0 | L5: 50
E6: =Emp5Record!Z3 -> 0 | G6: =Emp5Record!AA3 -> 0 | I6: =Emp5Record!L3 -> 0 | J6: =Emp5Record!U3 -> 0
I7: =Emp5Record!M3 -> 0 | J7: =Emp5Record!V3 -> 0
I8: =Emp5Record!N3 -> 0 | J8: =Emp5Record!W3 -> 0
J9: =Emp5Record!X3 -> 0
I10: =I4*'Pay Rates'!B10 -> 89.84 | J10: =Emp5Record!Y3 -> 0
I11: =I5*'Pay Rates'!B11 -> 7.29
I12: =I6*'Pay Rates'!B12 -> 0
I13: =I7*'Pay Rates'!B13 -> 0
I14: =I8*'Pay Rates'!B14 -> 0
A15: =A4*'Pay Rates'!B3 -> 27.18 | B15: =B4*'Pay Rates'!B4 -> 0 | C15: =SUM(C4:C5) -> 38.57 | D15: =SUM(D4:D5) -> 8 | E15: =SUM(E4:E6) -> 100 | F15: =SUM(F4) -> 0 | G15: =SUM(G4:G6) -> 50 | H15: =SUM(H4) -> 31 | I15: =SUM(I10:I14) -> 97.13 | J15: =SUM(J4:J10) -> 0 | K15: =SUM(K4) -> 0 | L15: =SUM(L4:L14) -> 281.73 | M15: =SUM(M4) -> 0
A16: Total Pay | B16: =SUM(A15:M15) -> 633.61
A19: Name: | B19: Mike Mato
A21: Batt>10ft | B21: Batt<10ft | C21: Soffit | D21: Caulk&Foam | E21: Bonus | F21: Cellulose | G21: Other Pay | H21: BIBS | I21: Attic | J21: Spray Foam | K21: Vacation | L21: Shop Pay | M21: Holiday
A22: =Emp6Record!B3 -> 432 | B22: =Emp6Record!C3 -> 0 | C22: =Emp6Record!D3 -> 0 | D22: =Emp6Record!E3 -> 0 | E22: =Emp6Record!F3 -> 166.67 | F22: =Emp6Record!G3 -> 0 | G22: =Emp6Record!H3 -> 293.23 | H22: =Emp6Record!I3 -> 0 | I22: =Emp6Record!J3 -> 0 | J22: =Emp6Record!S3 -> 0 | K22: =Emp6Record!AB3 -> 0 | L22: =Emp6Record!AC3 -> 231.73 | M22: ='Payroll Summary'!E9 -> 0
C23: =Emp6Record!O3 -> 0 | D23: =Emp6Record!R3 -> 0 | E23: =Emp6Record!P3 -> 0 | G23: =Emp6Record!Q3 -> 0 | I23: =Emp6Record!K3 -> 81 | J23: =Emp6Record!T3 -> 0
E24: =Emp6Record!Z3 -> 0 | G24: =Emp6Record!AA3 -> 0 | I24: =Emp6Record!L3 -> 208 | J24: =Emp6Record!U3 -> 0
I25: =Emp6Record!M3 -> 0 | J25: =Emp6Record!V3 -> 0
I26: =Emp6Record!N3 -> 0 | J26: =Emp6Record!W3 -> 0
J27: =Emp6Record!X3 -> 0
I28: =I22*'Pay Rates'!B10 -> 0 | J28: =Emp6Record!Y3 -> 0
I29: =I23*'Pay Rates'!B11 -> 7.29
I30: =I24*'Pay Rates'!B12 -> 20.8
I31: =I25*'Pay Rates'!B13 -> 0
I32: =I26*'Pay Rates'!B14 -> 0
A33: =A22*'Pay Rates'!B3 -> 38.88 | B33: =B22*'Pay Rates'!B4 -> 0 | C33: =SUM(C22:C23) -> 0 | D33: =SUM(D22:D23) -> 0 | E33: =SUM(E22:E24) -> 166.67 | F33: =SUM(F22) -> 0 | G33: =SUM(G22:G24) -> 293.23 | H33: =SUM(H22) -> 0 | I33: =SUM(I28:I32) -> 28.09 | J33: =SUM(J22:J28) -> 0 | K33: =SUM(K22) -> 0 | L33: =SUM(L22:L32) -> 231.73 | M33: =SUM(M22) -> 0
A34: Total Pay | B34: =SUM(A33:M33) -> 758.6

Sheet Emp7&Emp8
A1: Name: | B1: Mike Mato Jr
A3: Batt>10ft | B3: Batt<10ft | C3: Soffit | D3: Caulk&Foam | E3: Bonus | F3: Cellulose | G3: Other Pay | H3: BIBS | I3: Attic | J3: Spray Foam | K3: Vacation | L3: Shop Pay | M3: Holiday
A4: =Emp7Record!B3 -> 432 | B4: =Emp7Record!C3 -> 0 | C4: =Emp7Record!D3 -> 0 | D4: =Emp7Record!E3 -> 0 | E4: =Emp7Record!F3 -> 166.67 | F4: =Emp7Record!G3 -> 0 | G4: =Emp7Record!H3 -> 293.23 | H4: =Emp7Record!I3 -> 0 | I4: =Emp7Record!J3 -> 0 | J4: =Emp7Record!S3 -> 0 | K4: =Emp7Record!AB3 -> 0 | L4: =Emp7Record!AC3 -> 291.73 | M4: ='Payroll Summary'!E10 -> 0
C5: =Emp7Record!O3 -> 0 | D5: =Emp7Record!R3 -> 0 | E5: =Emp7Record!P3 -> 0 | G5: =Emp7Record!Q3 -> 0 | I5: =Emp7Record!K3 -> 81 | J5: =Emp7Record!T3 -> 0
E6: =Emp7Record!Z3 -> 0 | G6: =Emp7Record!AA3 -> 0 | I6: =Emp7Record!L3 -> 208 | J6: =Emp7Record!U3 -> 0
I7: =Emp7Record!M3 -> 0 | J7: =Emp7Record!V3 -> 0
I8: =Emp7Record!N3 -> 0 | J8: =Emp7Record!W3 -> 0
J9: =Emp7Record!X3 -> 0
I10: =I4*'Pay Rates'!B10 -> 0 | J10: =Emp7Record!Y3 -> 0
I11: =I5*'Pay Rates'!B11 -> 7.29
I12: =I6*'Pay Rates'!B12 -> 20.8
I13: =I7*'Pay Rates'!B13 -> 0
I14: =I8*'Pay Rates'!B14 -> 0
A15: =A4*'Pay Rates'!B3 -> 38.88 | B15: =B4*'Pay Rates'!B4 -> 0 | C15: =SUM(C4:C5) -> 0 | D15: =SUM(D4:D5) -> 0 | E15: =SUM(E4:E6) -> 166.67 | F15: =SUM(F4) -> 0 | G15: =SUM(G4:G6) -> 293.23 | H15: =SUM(H4) -> 0 | I15: =SUM(I10:I14) -> 28.09 | J15: =SUM(J4:J10) -> 0 | K15: =SUM(K4) -> 0 | L15: =SUM(L4:L14) -> 291.73 | M15: =SUM(M4) -> 0
A16: Total Pay | B16: =SUM(A15:M15) -> 818.6
A19: Name: | B19: Kenny Ray
A21: Batt>10ft | B21: Batt<10ft | C21: Soffit | D21: Caulk&Foam | E21: Bonus | F21: Cellulose | G21: Other Pay | H21: BIBS | I21: Attic | J21: Spray Foam | K21: Vacation | L21: Shop Pay | M21: Holiday
A22: =Emp8Record!B3 -> 0 | B22: =Emp8Record!C3 -> 0 | C22: =Emp8Record!D3 -> 0 | D22: =Emp8Record!E3 -> 0 | E22: =Emp8Record!F3 -> 0 | F22: =Emp8Record!G3 -> 0 | G22: =Emp8Record!H3 -> 0 | H22: =Emp8Record!I3 -> 0 | I22: =Emp8Record!J3 -> 0 | J22: =Emp8Record!S3 -> 0 | K22: =Emp8Record!AB3 -> 0 | L22: =Emp8Record!AC3 -> 0 | M22: ='Payroll Summary'!E11 -> 0
C23: =Emp8Record!O3 -> 0 | D23: =Emp8Record!R3 -> 0 | E23: =Emp8Record!P3 -> 0 | G23: =Emp8Record!Q3 -> 0 | I23: =Emp8Record!K3 -> 0 | J23: =Emp8Record!T3 -> 0 | L23: 40
E24: =Emp8Record!Z3 -> 400 | G24: =Emp8Record!AA3 -> 0 | I24: =Emp8Record!L3 -> 0 | J24: =Emp8Record!U3 -> 73.04 | L24: 250
I25: =Emp8Record!M3 -> 0 | J25: =Emp8Record!V3 -> 0
I26: =Emp8Record!N3 -> 0 | J26: =Emp8Record!W3 -> 0
J27: =Emp8Record!X3 -> 0
I28: =I22*'Pay Rates'!B10 -> 0 | J28: =Emp8Record!Y3 -> 0
I29: =I23*'Pay Rates'!B11 -> 0
I30: =I24*'Pay Rates'!B12 -> 0
I31: =I25*'Pay Rates'!B13 -> 0
I32: =I26*'Pay Rates'!B14 -> 0
A33: =A22*'Pay Rates'!B3 -> 0 | B33: =B22*'Pay Rates'!B4 -> 0 | C33: =SUM(C22:C23) -> 0 | D33: =SUM(D22:D23) -> 0 | E33: =SUM(E22:E24) -> 400 | F33: =SUM(F22) -> 0 | G33: =SUM(G22:G24) -> 0 | H33: =SUM(H22) -> 0 | I33: =SUM(I28:I32) -> 0 | J33: =SUM(J22:J28) -> 73.04 | K33: =SUM(K22) -> 0 | L33: =SUM(L22:L32) -> 290 | M33: =SUM(M22) -> 0
A34: Total Pay | B34: =SUM(A33:M33) -> 763.04

Sheet Emp9&Emp10
A1: Name: | B1: New Employee 1
A3: Batt>10ft | B3: Batt<10ft | C3: Soffit | D3: Caulk&Foam | E3: Bonus | F3: Cellulose | G3: Other Pay | H3: BIBS | I3: Attic | J3: Spray Foam | K3: Vacation | L3: Shop Pay | M3: Holiday
A4: =Emp9Record!B3 -> 0 | B4: =Emp9Record!C3 -> 0 | C4: =Emp9Record!D3 -> 0 | D4: =Emp9Record!E3 -> 0 | E4: =Emp9Record!F3 -> 0 | F4: =Emp9Record!G3 -> 0 | G4: =Emp9Record!H3 -> 0 | H4: =Emp9Record!I3 -> 0 | I4: =Emp9Record!J3 -> 0 | J4: =Emp9Record!S3 -> 0 | K4: =Emp9Record!AB3 -> 0 | L4: =Emp9Record!AC3 -> 0 | M4: ='Payroll Summary'!E12 -> 0
C5: =Emp9Record!O3 -> 0 | D5: =Emp9Record!R3 -> 0 | E5: =Emp9Record!P3 -> 0 | G5: =Emp9Record!Q3 -> 0 | I5: =Emp9Record!K3 -> 0 | J5: =Emp9Record!T3 -> 0
E6: =Emp9Record!Z3 -> 0 | G6: =Emp9Record!AA3 -> 0 | I6: =Emp9Record!L3 -> 0 | J6: =Emp9Record!U3 -> 0
I7: =Emp9Record!M3 -> 0 | J7: =Emp9Record!V3 -> 0
I8: =Emp9Record!N3 -> 0 | J8: =Emp9Record!W3 -> 0
J9: =Emp9Record!X3 -> 0
I10: =I4*'Pay Rates'!B10 -> 0 | J10: =Emp9Record!Y3 -> 0
I11: =I5*'Pay Rates'!B11 -> 0
I12: =I6*'Pay Rates'!B12 -> 0
I13: =I7*'Pay Rates'!B13 -> 0
I14: =I8*'Pay Rates'!B14 -> 0
A15: =A4*'Pay Rates'!B3 -> 0 | B15: =B4*'Pay Rates'!B4 -> 0 | C15: =SUM(C4:C5) -> 0 | D15: =SUM(D4:D5) -> 0 | E15: =SUM(E4:E6) -> 0 | F15: =SUM(F4) -> 0 | G15: =SUM(G4:G6) -> 0 | H15: =SUM(H4) -> 0 | I15: =SUM(I10:I14) -> 0 | J15: =SUM(J4:J10) -> 0 | K15: =SUM(K4) -> 0 | L15: =SUM(L4:L14) -> 0 | M15: =SUM(M4) -> 0
A16: Total Pay | B16: =SUM(A15:M15) -> 0
A19: Name: | B19: New Employee2
A21: Batt>10ft | B21: Batt<10ft | C21: Soffit | D21: Caulk&Foam | E21: Bonus | F21: Cellulose | G21: Other Pay | H21: BIBS | I21: Attic | J21: Spray Foam | K21: Vacation | L21: Shop Pay | M21: Holiday
A22: =Emp10Record!B3 -> 0 | B22: =Emp10Record!C3 -> 0 | C22: =Emp10Record!D3 -> 0 | D22: =Emp10Record!E3 -> 0 | E22: =Emp10Record!F3 -> 0 | F22: =Emp10Record!G3 -> 0 | G22: =Emp10Record!H3 -> 0 | H22: =Emp10Record!I3 -> 0 | I22: =Emp10Record!J3 -> 0 | J22: =Emp10Record!S3 -> 0 | K22: =Emp10Record!AB3 -> 0 | L22: =Emp10Record!AC3 -> 0 | M22: ='Payroll Summary'!E13 -> 0
C23: =Emp10Record!O3 -> 0 | D23: =Emp10Record!R3 -> 0 | E23: =Emp10Record!P3 -> 0 | G23: =Emp10Record!Q3 -> 0 | I23: =Emp10Record!K3 -> 0 | J23: =Emp10Record!T3 -> 0
E24: =Emp10Record!Z3 -> 0 | G24: =Emp10Record!AA3 -> 0 | I24: =Emp10Record!L3 -> 0 | J24: =Emp10Record!U3 -> 0
I25: =Emp10Record!M3 -> 0 | J25: =Emp10Record!V3 -> 0
I26: =Emp10Record!N3 -> 0 | J26: =Emp10Record!W3 -> 0
J27: =Emp10Record!X3 -> 0
I28: =I22*'Pay Rates'!B10 -> 0 | J28: =Emp10Record!Y3 -> 0
I29: =I23*'Pay Rates'!B11 -> 0
I30: =I24*'Pay Rates'!B12 -> 0
I31: =I25*'Pay Rates'!B13 -> 0
I32: =I26*'Pay Rates'!B14 -> 0
A33: =A22*'Pay Rates'!B3 -> 0 | B33: =B22*'Pay Rates'!B4 -> 0 | C33: =SUM(C22:C23) -> 0 | D33: =SUM(D22:D23) -> 0 | E33: =SUM(E22:E24) -> 0 | F33: =SUM(F22) -> 0 | G33: =SUM(G22:G24) -> 0 | H33: =SUM(H22) -> 0 | I33: =SUM(I28:I32) -> 0 | J33: =SUM(J22:J28) -> 0 | K33: =SUM(K22) -> 0 | L33: =SUM(L22:L32) -> 0 | M33: =SUM(M22) -> 0
A34: Total Pay | B34: =SUM(A33:M33) -> 0

Sheet Emp11&Emp12
A1: Name: | B1: New Employee3
A3: Batt>10ft | B3: Batt<10ft | C3: Soffit | D3: Caulk&Foam | E3: Bonus | F3: Cellulose | G3: Other Pay | H3: BIBS | I3: Attic | J3: Spray Foam | K3: Vacation | L3: Shop Pay | M3: Holiday
A4: =Emp11Record!B3 -> 0 | B4: =Emp11Record!C3 -> 0 | C4: =Emp11Record!D3 -> 0 | D4: =Emp11Record!E3 -> 0 | E4: =Emp11Record!F3 -> 0 | F4: =Emp11Record!G3 -> 0 | G4: =Emp11Record!H3 -> 0 | H4: =Emp11Record!I3 -> 0 | I4: =Emp11Record!J3 -> 0 | J4: =Emp11Record!S3 -> 0 | K4: =Emp11Record!AB3 -> 0 | L4: =Emp11Record!AC3 -> 0 | M4: ='Payroll Summary'!E14 -> 0
C5: =Emp11Record!O3 -> 0 | D5: =Emp11Record!R3 -> 0 | E5: =Emp11Record!P3 -> 0 | G5: =Emp11Record!Q3 -> 0 | I5: =Emp11Record!K3 -> 0 | J5: =Emp11Record!T3 -> 0
E6: =Emp11Record!Z3 -> 0 | G6: =Emp11Record!AA3 -> 0 | I6: =Emp11Record!L3 -> 0 | J6: =Emp11Record!U3 -> 0
I7: =Emp11Record!M3 -> 0 | J7: =Emp11Record!V3 -> 0
I8: =Emp11Record!N3 -> 0 | J8: =Emp11Record!W3 -> 0
J9: =Emp11Record!X3 -> 0
I10: =I4*'Pay Rates'!B10 -> 0 | J10: =Emp11Record!Y3 -> 0
I11: =I5*'Pay Rates'!B11 -> 0
I12: =I6*'Pay Rates'!B12 -> 0
I13: =I7*'Pay Rates'!B13 -> 0
I14: =I8*'Pay Rates'!B14 -> 0
A15: =A4*'Pay Rates'!B3 -> 0 | B15: =B4*'Pay Rates'!B4 -> 0 | C15: =SUM(C4:C5) -> 0 | D15: =SUM(D4:D5) -> 0 | E15: =SUM(E4:E6) -> 0 | F15: =SUM(F4) -> 0 | G15: =SUM(G4:G6) -> 0 | H15: =SUM(H4) -> 0 | I15: =SUM(I10:I14) -> 0 | J15: =SUM(J4:J10) -> 0 | K15: =SUM(K4) -> 0 | L15: =SUM(L4:L14) -> 0 | M15: =SUM(M4) -> 0
A16: Total Pay | B16: =SUM(A15:M15) -> 0
A19: Name: | B19: New Employee4
A21: Batt>10ft | B21: Batt<10ft | C21: Soffit | D21: Caulk&Foam | E21: Bonus | F21: Cellulose | G21: Other Pay | H21: BIBS | I21: Attic | J21: Spray Foam | K21: Vacation | L21: Shop Pay | M21: Holiday
A22: =Emp12Record!B3 -> 0 | B22: =Emp12Record!C3 -> 0 | C22: =Emp12Record!D3 -> 0 | D22: =Emp12Record!E3 -> 0 | E22: =Emp12Record!F3 -> 0 | F22: =Emp12Record!G3 -> 0 | G22: =Emp12Record!H3 -> 0 | H22: =Emp12Record!I3 -> 0 | I22: =Emp12Record!J3 -> 0 | J22: =Emp12Record!S3 -> 0 | K22: =Emp12Record!AB3 -> 0 | L22: =Emp12Record!AC3 -> 0 | M22: ='Payroll Summary'!E15 -> 0
C23: =Emp12Record!O3 -> 0 | D23: =Emp12Record!R3 -> 0 | E23: =Emp12Record!P3 -> 0 | G23: =Emp12Record!Q3 -> 0 | I23: =Emp12Record!K3 -> 0 | J23: =Emp12Record!T3 -> 0
E24: =Emp12Record!Z3 -> 0 | G24: =Emp12Record!AA3 -> 0 | I24: =Emp12Record!L3 -> 0 | J24: =Emp12Record!U3 -> 0
I25: =Emp12Record!M3 -> 0 | J25: =Emp12Record!V3 -> 0
I26: =Emp12Record!N3 -> 0 | J26: =Emp12Record!W3 -> 0
J27: =Emp12Record!X3 -> 0
I28: =I22*'Pay Rates'!B10 -> 0 | J28: =Emp12Record!Y3 -> 0
I29: =I23*'Pay Rates'!B11 -> 0
I30: =I24*'Pay Rates'!B12 -> 0
I31: =I25*'Pay Rates'!B13 -> 0
I32: =I26*'Pay Rates'!B14 -> 0
A33: =A22*'Pay Rates'!B3 -> 0 | B33: =B22*'Pay Rates'!B4 -> 0 | C33: =SUM(C22:C23) -> 0 | D33: =SUM(D22:D23) -> 0 | E33: =SUM(E22:E24) -> 0 | F33: =SUM(F22) -> 0 | G33: =SUM(G22:G24) -> 0 | H33: =SUM(H22) -> 0 | I33: =SUM(I28:I32) -> 0 | J33: =SUM(J22:J28) -> 0 | K33: =SUM(K22) -> 0 | L33: =SUM(L22:L32) -> 0 | M33: =SUM(M22) -> 0
A34: Total Pay | B34: =SUM(A33:M33) -> 0

Sheet Emp13&Emp14
A1: Name: | B1: New Employee5
A3: Batt>10ft | B3: Batt<10ft | C3: Soffit | D3: Caulk&Foam | E3: Bonus | F3: Cellulose | G3: Other Pay | H3: BIBS | I3: Attic | J3: Spray Foam | K3: Vacation | L3: Shop Pay | M3: Holiday
A4: =Emp13Record!B3 -> 0 | B4: =Emp13Record!C3 -> 0 | C4: =Emp13Record!D3 -> 0 | D4: =Emp13Record!E3 -> 0 | E4: =Emp13Record!F3 -> 0 | F4: =Emp13Record!G3 -> 0 | G4: =Emp13Record!H3 -> 0 | H4: =Emp13Record!I3 -> 0 | I4: =Emp13Record!J3 -> 0 | J4: =Emp13Record!S3 -> 0 | K4: =Emp13Record!AB3 -> 0 | L4: =Emp13Record!AC3 -> 0 | M4: ='Payroll Summary'!E16 -> 0
C5: =Emp13Record!O3 -> 0 | D5: =Emp13Record!R3 -> 0 | E5: =Emp13Record!P3 -> 0 | G5: =Emp13Record!Q3 -> 0 | I5: =Emp13Record!K3 -> 0 | J5: =Emp13Record!T3 -> 0
E6: =Emp13Record!Z3 -> 0 | G6: =Emp13Record!AA3 -> 0 | I6: =Emp13Record!L3 -> 0 | J6: =Emp13Record!U3 -> 0
I7: =Emp13Record!M3 -> 0 | J7: =Emp13Record!V3 -> 0
I8: =Emp13Record!N3 -> 0 | J8: =Emp13Record!W3 -> 0
J9: =Emp13Record!X3 -> 0
I10: =I4*'Pay Rates'!B10 -> 0 | J10: =Emp13Record!Y3 -> 0
I11: =I5*'Pay Rates'!B11 -> 0
I12: =I6*'Pay Rates'!B12 -> 0
I13: =I7*'Pay Rates'!B13 -> 0
I14: =I8*'Pay Rates'!B14 -> 0
A15: =A4*'Pay Rates'!B3 -> 0 | B15: =B4*'Pay Rates'!B4 -> 0 | C15: =SUM(C4:C5) -> 0 | D15: =SUM(D4:D5) -> 0 | E15: =SUM(E4:E6) -> 0 | F15: =SUM(F4) -> 0 | G15: =SUM(G4:G6) -> 0 | H15: =SUM(H4) -> 0 | I15: =SUM(I10:I14) -> 0 | J15: =SUM(J4:J10) -> 0 | K15: =SUM(K4) -> 0 | L15: =SUM(L4:L14) -> 0 | M15: =SUM(M4) -> 0
A16: Total Pay | B16: =SUM(A15:M15) -> 0
A19: Name: | B19: New Employee6
A21: Batt>10ft | B21: Batt<10ft | C21: Soffit | D21: Caulk&Foam | E21: Bonus | F21: Cellulose | G21: Other Pay | H21: BIBS | I21: Attic | J21: Spray Foam | K21: Vacation | L21: Shop Pay | M21: Holiday
A22: =Emp14Record!B3 -> 0 | B22: =Emp14Record!C3 -> 0 | C22: =Emp14Record!D3 -> 0 | D22: =Emp14Record!E3 -> 0 | E22: =Emp14Record!F3 -> 0 | F22: =Emp14Record!G3 -> 0 | G22: =Emp14Record!H3 -> 0 | H22: =Emp14Record!I3 -> 0 | I22: =Emp14Record!J3 -> 0 | J22: =Emp14Record!S3 -> 0 | K22: =Emp14Record!AB3 -> 0 | L22: =Emp14Record!AC3 -> 0 | M22: ='Payroll Summary'!E17 -> 0
C23: =Emp14Record!O3 -> 0 | D23: =Emp14Record!R3 -> 0 | E23: =Emp14Record!P3 -> 0 | G23: =Emp14Record!Q3 -> 0 | I23: =Emp14Record!K3 -> 0 | J23: =Emp14Record!T3 -> 0
E24: =Emp14Record!Z3 -> 0 | G24: =Emp14Record!AA3 -> 0 | I24: =Emp14Record!L3 -> 0 | J24: =Emp14Record!U3 -> 0
I25: =Emp14Record!M3 -> 0 | J25: =Emp14Record!V3 -> 0
I26: =Emp14Record!N3 -> 0 | J26: =Emp14Record!W3 -> 0
J27: =Emp14Record!X3 -> 0
I28: =I22*'Pay Rates'!B10 -> 0 | J28: =Emp14Record!Y3 -> 0
I29: =I23*'Pay Rates'!B11 -> 0
I30: =I24*'Pay Rates'!B12 -> 0
I31: =I25*'Pay Rates'!B13 -> 0
I32: =I26*'Pay Rates'!B14 -> 0
A33: =A22*'Pay Rates'!B3 -> 0 | B33: =B22*'Pay Rates'!B4 -> 0 | C33: =SUM(C22:C23) -> 0 | D33: =SUM(D22:D23) -> 0 | E33: =SUM(E22:E24) -> 0 | F33: =SUM(F22) -> 0 | G33: =SUM(G22:G24) -> 0 | H33: =SUM(H22) -> 0 | I33: =SUM(I28:I32) -> 0 | J33: =SUM(J22:J28) -> 0 | K33: =SUM(K22) -> 0 | L33: =SUM(L22:L32) -> 0 | M33: =SUM(M22) -> 0
A34: Total Pay | B34: =SUM(A33:M33) -> 0

Sheet Emp15&Open
A1: Name: | B1: New Employee7
A3: Batt>10ft | B3: Batt<10ft | C3: Soffit | D3: Caulk&Foam | E3: Bonus | F3: Cellulose | G3: Other Pay | H3: BIBS | I3: Attic | J3: Spray Foam | K3: Vacation | L3: Shop Pay | M3: Holiday
A4: =Emp15Record!B3 -> 0 | B4: =Emp15Record!C3 -> 0 | C4: =Emp15Record!D3 -> 0 | D4: =Emp15Record!E3 -> 0 | E4: =Emp15Record!F3 -> 0 | F4: =Emp15Record!G3 -> 0 | G4: =Emp15Record!H3 -> 0 | H4: =Emp15Record!I3 -> 0 | I4: =Emp15Record!J3 -> 0 | J4: =Emp15Record!S3 -> 0 | K4: =Emp15Record!AB3 -> 0 | L4: =Emp15Record!AC3 -> 0 | M4: ='Payroll Summary'!E18 -> 0
C5: =Emp15Record!O3 -> 0 | D5: =Emp15Record!R3 -> 0 | E5: =Emp15Record!P3 -> 0 | G5: =Emp15Record!Q3 -> 0 | I5: =Emp15Record!K3 -> 0 | J5: =Emp15Record!T3 -> 0
E6: =Emp15Record!Z3 -> 0 | G6: =Emp15Record!AA3 -> 0 | I6: =Emp15Record!L3 -> 0 | J6: =Emp15Record!U3 -> 0
I7: =Emp15Record!M3 -> 0 | J7: =Emp15Record!V3 -> 0
I8: =Emp15Record!N3 -> 0 | J8: =Emp15Record!W3 -> 0
J9: =Emp15Record!X3 -> 0
I10: =I4*'Pay Rates'!B10 -> 0 | J10: =Emp15Record!Y3 -> 0
I11: =I5*'Pay Rates'!B11 -> 0
I12: =I6*'Pay Rates'!B12 -> 0
I13: =I7*'Pay Rates'!B13 -> 0
I14: =I8*'Pay Rates'!B14 -> 0
A15: =A4*'Pay Rates'!B3 -> 0 | B15: =B4*'Pay Rates'!B4 -> 0 | C15: =SUM(C4:C5) -> 0 | D15: =SUM(D4:D5) -> 0 | E15: =SUM(E4:E6) -> 0 | F15: =SUM(F4) -> 0 | G15: =SUM(G4:G6) -> 0 | H15: =SUM(H4) -> 0 | I15: =SUM(I10:I14) -> 0 | J15: =SUM(J4:J10) -> 0 | K15: =SUM(K4) -> 0 | L15: =SUM(L4:L14) -> 0 | M15: =SUM(M4) -> 0
A16: Total Pay | B16: =SUM(A15:M15) -> 0
A19: Name:
A21: Batt>10ft | B21: Batt<10ft | C21: Soffit | D21: Caulk&Foam | E21: Bonus | F21: Cellulose | G21: Other Pay | H21: BIBS | I21: Attic | J21: Spray Foam | K21: Vacation | L21: Shop Pay | M21: Holiday
A34: Total Pay

Sheet Emp1Record
B2: Batt>10ft | C2: Batt<10ft | D2: Soffit | E2: Caulk&Foam | F2: Bonus | G2: Cellulose | H2: Other Pay | I2: BIBS | J2: R19 | K2: R30 | L2: R38/R40 | M2: R49/R50 | N2: Cellulose | O2: Soffit | P2: Bonus | Q2: Other Pay | R2: Air Seal | S2: CC 3/4" | T2: CC 1" | U2: CC 2" | V2: CC 3" | W2: OC 4" | X2: OC 6" | Y2: OC 8" | Z2: Bonus | AA2: Other Pay | AB2: Vacation | AC2: Shop
A3: Totals: | B3: =SUM(B7:B50) -> 0 | C3: =SUM(C7:C50) -> 0 | D3: =SUM(D7:D50) -> 0 | E3: =SUM(E7:E50) -> 0 | F3: =SUM(F7:F50) -> 0 | G3: =SUM(G7:G50) -> 0 | H3: =SUM(H7:H50) -> 0 | I3: =SUM(I7:I50) -> 0 | ... AB3: =SUM(AB7:AB50) -> 0 | AC3: =SUM(AC7:AC750) -> 0
B5: Batt Work | J5: Attic Work | S5: Foam Work
A6: Job Name | B6: Batt>10ft | C6: Batt<10ft | D6: Soffit | E6: Caulk&Foam | F6: Bonus | G6: Cellulose | H6: Other Pay | I6: BIBS | J6: R19 | K6: R30 | L6: R38/R40 | M6: R49/R50 | N6: Cellulose | O6: Soffit | P6: Bonus | Q6: Other Pay | R6: Air Seal | S6: CC 3/4" | T6: CC 1" | U6: CC 2" | V6: CC 3" | W6: OC 4" | X6: OC 6" | Y6: OC 8" | Z6: Bonus | AA6: Other Pay | AB6: Vacation | AC6: Shop
A7: Wendy Bredhold | B7: 0 | C7: 0 | D7: 0 | E7: 0 | F7: 0 | G7: 0 | H7: 0 | I7: 0 | J7: 0 | K7: 0 | L7: 0 | M7: 0 | N7: 0 | O7: 0 | P7: 0 | Q7: 0 | R7: 0 | S7: 0 | T7: 0 | U7: 12.1 | V7: 0 | W7: 0 | X7: 0 | Y7: 0 | Z7: 100 | AA7: 0 | AB7: 0 | AC7: 0
A8: Heidorn | B8: 0 | C8: 0 | D8: 0 | E8: 0 | F8: 0 | G8: 0 | H8: 0 | I8: 0 | J8: 0 | K8: 0 | L8: 0 | M8: 0 | N8: 0 | O8: 0 | P8: 0 | Q8: 0 | R8: 0 | S8: 0 | T8: 0 | U8: 11.33 | V8: 0 | W8: 0 | X8: 0 | Y8: 0 | Z8: 60 | AA8: 0 | AB8: 0 | AC8: 0
A9: Charles Garrison | B9: 0 | C9: 0 | D9: 0 | E9: 0 | F9: 0 | G9: 0 | H9: 0 | I9: 0 | J9: 0 | K9: 0 | L9: 0 | M9: 0 | N9: 0 | O9: 0 | P9: 0 | Q9: 0 | R9: 0 | S9: 0 | T9: 0 | U9: 49.61 | V9: 0 | W9: 0 | X9: 0 | Y9: 0 | Z9: 150 | AA9: 0 | AB9: 0 | AC9: 0
A10: Foam Trailer | B10: 0 | C10: 0 | D10: 0 | E10: 0 | F10: 0 | G10: 0 | H10: 0 | I10: 0 | J10: 0 | K10: 0 | L10: 0 | M10: 0 | N10: 0 | O10: 0 | P10: 0 | Q10: 0 | R10: 0 | S10: 0 | T10: 0 | U10: 0 | V10: 0 | W10: 0 | X10: 0 | Y10: 0 | Z10: 90 | AA10: 0 | AB10: 0 | AC10: 0

Sheet Emp2Record
B2: Batt>10ft | C2: Batt<10ft | D2: Soffit | E2: Caulk&Foam | F2: Bonus | G2: Cellulose | H2: Other Pay | I2: BIBS | J2: R19 | K2: R30 | L2: R38/R40 | M2: R49/R50 | N2: Cellulose | O2: Soffit | P2: Bonus | Q2: Other Pay | R2: Air Seal | S2: CC 3/4" | T2: CC 1" | U2: CC 2" | V2: CC 3" | W2: OC 4" | X2: OC 6" | Y2: OC 8" | Z2: Bonus | AA2: Other Pay | AB2: Vacation | AC2: Shop
A3: Totals: | B3: =SUM(B7:B50) -> 432 | C3: =SUM(C7:C50) -> 0 | D3: =SUM(D7:D50) -> 0 | E3: =SUM(E7:E50) -> 0 | F3: =SUM(F7:F50) -> 166.67 | G3: =SUM(G7:G50) -> 0 | H3: =SUM(H7:H50) -> 293.23 | I3: =SUM(I7:I50) -> 0 | ... AB3: =SUM(AB7:AB50) -> 0 | AC3: =SUM(AC7:AC750) -> 231.73
B5: Batt Work | J5: Attic Work | T5: Foam Work
A6: Job Name | B6: Batt>10ft | C6: Batt<10ft | D6: Soffit | E6: Caulk&Foam | F6: Bonus | G6: Cellulose | H6: Other Pay | I6: BIBS | J6: R19 | K6: R30 | L6: R38/R40 | M6: R49/R50 | N6: Cellulose | O6: Soffit | P6: Bonus | Q6: Other Pay | R6: Air Seal | S6: CC 3/4" | T6: CC 1" | U6: CC 2" | V6: CC 3" | W6: OC 4" | X6: OC 6" | Y6: OC 8" | Z6: Bonus | AA6: Other Pay | AB6: Vacation | AC6: Shop
A7: The Bath Reno | B7: 0 | C7: 0 | D7: 0 | E7: 0 | F7: 0 | G7: 0 | H7: 0 | I7: 0 | J7: 0 | K7: 81 | L7: 0 | M7: 0 | N7: 0 | O7: 0 | P7: 0 | Q7: 0 | R7: 0 | S7: 0 | T7: 0 | U7: 0 | V7: 0 | W7: 0 | X7: 0 | Y7: 0 | Z7: 0 | AA7: 0 | AB7: 0 | AC7: 0
A8: All Custom | B8: 0 | C8: 0 | D8: 0 | E8: 0 | F8: 0 | G8: 0 | H8: 0 | I8: 0 | J8: 0 | K8: 0 | L8: 208 | M8: 0 | N8: 0 | O8: 0 | P8: 0 | Q8: 0 | R8: 0 | S8: 0 | T8: 0 | U8: 0 | V8: 0 | W8: 0 | X8: 0 | Y8: 0 | Z8: 0 | AA8: 0 | AB8: 0 | AC8: 0
A9: Jacob Heyna | B9: 56 | C9: 0 | D9: 0 | E9: 0 | F9: 100 | G9: 0 | H9: 73.23 | I9: 0 | J9: 0 | K9: 0 | L9: 0 | M9: 0 | N9: 0 | O9: 0 | P9: 0 | Q9: 0 | R9: 0 | S9: 0 | T9: 0 | U9: 0 | V9: 0 | W9: 0 | X9: 0 | Y9: 0 | Z9: 0 | AA9: 0 | AB9: 0 | AC9: 0
A10: CAC QC Crawls | B10: 117 | C10: 0 | D10: 0 | E10: 0 | F10: 0 | G10: 0 | H10: 53.33 | I10: 0 | J10: 0 | K10: 0 | L10: 0 | M10: 0 | N10: 0 | O10: 0 | P10: 0 | Q10: 0 | R10: 0 | S10: 0 | T10: 0 | U10: 0 | V10: 0 | W10: 0 | X10: 0 | Y10: 0 | Z10: 0 | AA10: 0 | AB10: 0 | AC10: 0
A11: Elferich | B11: 0 | C11: 0 | D11: 0 | E11: 0 | F11: 0 | G11: 0 | H11: 166.67 | I11: 0 | J11: 0 | K11: 0 | L11: 0 | M11: 0 | N11: 0 | O11: 0 | P11: 0 | Q11: 0 | R11: 0 | S11: 0 | T11: 0 | U11: 0 | V11: 0 | W11: 0 | X11: 0 | Y11: 0 | Z11: 0 | AA11: 0 | AB11: 0 | AC11: 0
A12: Bill Fulkerson | B12: 259 | C12: 0 | D12: 0 | E12: 0 | F12: 66.67 | G12: 0 | H12: 0 | I12: 0 | J12: 0 | K12: 0 | L12: 0 | M12: 0 | N12: 0 | O12: 0 | P12: 0 | Q12: 0 | R12: 0 | S12: 0 | T12: 0 | U12: 0 | V12: 0 | W12: 0 | X12: 0 | Y12: 0 | Z12: 0 | AA12: 0 | AB12: 0 | AC12: 0
A13: Monday011526091341 | B13: 0 | C13: 0 | D13: 0 | E13: 0 | F13: 0 | G13: 0 | H13: 0 | I13: 0 | J13: 0 | K13: 0 | L13: 0 | M13: 0 | N13: 0 | O13: 0 | P13: 0 | Q13: 0 | R13: 0 | S13: 0 | T13: 0 | U13: 0 | V13: 0 | W13: 0 | X13: 0 | Y13: 0 | Z13: 0 | AA13: 0 | AB13: 0 | AC13: 231.73

Sheet Emp3Record
B2: Batt>10ft | C2: Batt<10ft | D2: Soffit | E2: Caulk&Foam | F2: Bonus | G2: Cellulose | H2: Other Pay | I2: BIBS | J2: R19 | K2: R30 | L2: R38/R40 | M2: R49/R50 | N2: Cellulose | O2: Soffit | P2: Bonus | Q2: Other Pay | R2: Air Seal | S2: CC 3/4" | T2: CC 1" | U2: CC 2" | V2: CC 3" | W2: OC 4" | X2: OC 6" | Y2: OC 8" | Z2: Bonus | AA2: Other Pay | AB2: Vacation | AC2: Shop
A3: Totals: | B3: =SUM(B7:B50) -> 302 | C3: =SUM(C7:C50) -> 0 | D3: =SUM(D7:D50) -> 4.4 | E3: =SUM(E7:E50) -> 8 | F3: =SUM(F7:F50) -> 100 | G3: =SUM(G7:G50) -> 0 | H3: =SUM(H7:H50) -> 0 | I3: =SUM(I7:I50) -> 31 | ... AB3: =SUM(AB7:AB50) -> 0 | AC3: =SUM(AC7:AC750) -> 231.73
B5: Batt Work | J5: Attic Work | T5: Foam Work
A6: Job Name | B6: Batt>10ft | C6: Batt<10ft | D6: Soffit | E6: Caulk&Foam | F6: Bonus | G6: Cellulose | H6: Other Pay | I6: BIBS | J6: R19 | K6: R30 | L6: R38/R40 | M6: R49/R50 | N6: Cellulose | O6: Soffit | P6: Bonus | Q6: Other Pay | R6: Air Seal | S6: CC 3/4" | T6: CC 1" | U6: CC 2" | V6: CC 3" | W6: OC 4" | X6: OC 6" | Y6: OC 8" | Z6: Bonus | AA6: Other Pay | AB6: Vacation | AC6: Shop
A7: The Bath Reno | B7: 0 | C7: 0 | D7: 0 | E7: 0 | F7: 0 | G7: 0 | H7: 0 | I7: 0 | J7: 0 | K7: 81 | L7: 0 | M7: 0 | N7: 0 | O7: 0 | P7: 0 | Q7: 0 | R7: 0 | S7: 0 | T7: 0 | U7: 0 | V7: 0 | W7: 0 | X7: 0 | Y7: 0 | Z7: 0 | AA7: 0 | AB7: 0 | AC7: 0
A8: Brad Hurst | B8: 0 | C8: 0 | D8: 0 | E8: 0 | F8: 0 | G8: 0 | H8: 0 | I8: 0 | J8: 1123 | K8: 0 | L8: 0 | M8: 0 | N8: 0 | O8: 34.17 | P8: 0 | Q8: 50 | R8: 0 | S8: 0 | T8: 0 | U8: 0 | V8: 0 | W8: 0 | X8: 0 | Y8: 0 | Z8: 0 | AA8: 0 | AB8: 0 | AC8: 0
A9: Jim Werner | B9: 117 | C9: 0 | D9: 0 | E9: 0 | F9: 33.33 | G9: 0 | H9: 0 | I9: 0 | J9: 0 | K9: 0 | L9: 0 | M9: 0 | N9: 0 | O9: 0 | P9: 0 | Q9: 0 | R9: 0 | S9: 0 | T9: 0 | U9: 0 | V9: 0 | W9: 0 | X9: 0 | Y9: 0 | Z9: 0 | AA9: 0 | AB9: 0 | AC9: 0
A10: Beaven | B10: 185 | C10: 0 | D10: 4.4 | E10: 8 | F10: 66.67 | G10: 0 | H10: 0 | I10: 31 | J10: 0 | K10: 0 | L10: 0 | M10: 0 | N10: 0 | O10: 0 | P10: 0 | Q10: 0 | R10: 0 | S10: 0 | T10: 0 | U10: 0 | V10: 0 | W10: 0 | X10: 0 | Y10: 0 | Z10: 0 | AA10: 0 | AB10: 0 | AC10: 0
A11: Monday011526091341 | B11: 0 | C11: 0 | D11: 0 | E11: 0 | F11: 0 | G11: 0 | H11: 0 | I11: 0 | J11: 0 | K11: 0 | L11: 0 | M11: 0 | N11: 0 | O11: 0 | P11: 0 | Q11: 0 | R11: 0 | S11: 0 | T11: 0 | U11: 0 | V11: 0 | W11: 0 | X11: 0 | Y11: 0 | Z11: 0 | AA11: 0 | AB11: 0 | AC11: 231.73

Sheet Emp4Record
B2: Batt>10ft | C2: Batt<10ft | D2: Soffit | E2: Caulk&Foam | F2: Bonus | G2: Cellulose | H2: Other Pay | I2: BIBS | J2: R19 | K2: R30 | L2: R38/R40 | M2: R49/R50 | N2: Cellulose | O2: Soffit | P2: Bonus | Q2: Other Pay | R2: Air Seal | S2: CC 3/4" | T2: CC 1" | U2: CC 2" | V2: CC 3" | W2: OC 4" | X2: OC 6" | Y2: OC 8" | Z2: Bonus | AA2: Other Pay | AB2: Vacation | AC2: Shop
A3: Totals: | B3: =SUM(B7:B50) -> 302 | C3: =SUM(C7:C50) -> 0 | D3: =SUM(D7:D50) -> 4.4 | E3: =SUM(E7:E50) -> 8 | F3: =SUM(F7:F50) -> 100 | G3: =SUM(G7:G50) -> 0 | H3: =SUM(H7:H50) -> 0 | I3: =SUM(I7:I50) -> 31 | ... AB3: =SUM(AB7:AB50) -> 0 | AC3: =SUM(AC7:AC750) -> 231.73
B5: Batt Work | J5: Attic Work | T5: Foam Work
A6: Job Name | B6: Batt>10ft | C6: Batt<10ft | D6: Soffit | E6: Caulk&Foam | F6: Bonus | G6: Cellulose | H6: Other Pay | I6: BIBS | J6: R19 | K6: R30 | L6: R38/R40 | M6: R49/R50 | N6: Cellulose | O6: Soffit | P6: Bonus | Q6: Other Pay | R6: Air Seal | S6: CC 3/4" | T6: CC 1" | U6: CC 2" | V6: CC 3" | W6: OC 4" | X6: OC 6" | Y6: OC 8" | Z6: Bonus | AA6: Other Pay | AB6: Vacation | AC6: Shop
A7: The Bath Reno | B7: 0 | C7: 0 | D7: 0 | E7: 0 | F7: 0 | G7: 0 | H7: 0 | I7: 0 | J7: 0 | K7: 81 | L7: 0 | M7: 0 | N7: 0 | O7: 0 | P7: 0 | Q7: 0 | R7: 0 | S7: 0 | T7: 0 | U7: 0 | V7: 0 | W7: 0 | X7: 0 | Y7: 0 | Z7: 0 | AA7: 0 | AB7: 0 | AC7: 0
A8: Brad Hurst | B8: 0 | C8: 0 | D8: 0 | E8: 0 | F8: 0 | G8: 0 | H8: 0 | I8: 0 | J8: 1123 | K8: 0 | L8: 0 | M8: 0 | N8: 0 | O8: 34.17 | P8: 0 | Q8: 50 | R8: 0 | S8: 0 | T8: 0 | U8: 0 | V8: 0 | W8: 0 | X8: 0 | Y8: 0 | Z8: 0 | AA8: 0 | AB8: 0 | AC8: 0
A9: Jim Werner | B9: 117 | C9: 0 | D9: 0 | E9: 0 | F9: 33.33 | G9: 0 | H9: 0 | I9: 0 | J9: 0 | K9: 0 | L9: 0 | M9: 0 | N9: 0 | O9: 0 | P9: 0 | Q9: 0 | R9: 0 | S9: 0 | T9: 0 | U9: 0 | V9: 0 | W9: 0 | X9: 0 | Y9: 0 | Z9: 0 | AA9: 0 | AB9: 0 | AC9: 0
A10: Beaven | B10: 185 | C10: 0 | D10: 4.4 | E10: 8 | F10: 66.67 | G10: 0 | H10: 0 | I10: 31 | J10: 0 | K10: 0 | L10: 0 | M10: 0 | N10: 0 | O10: 0 | P10: 0 | Q10: 0 | R10: 0 | S10: 0 | T10: 0 | U10: 0 | V10: 0 | W10: 0 | X10: 0 | Y10: 0 | Z10: 0 | AA10: 0 | AB10: 0 | AC10: 0
A11: Monday011526091341 | B11: 0 | C11: 0 | D11: 0 | E11: 0 | F11: 0 | G11: 0 | H11: 0 | I11: 0 | J11: 0 | K11: 0 | L11: 0 | M11: 0 | N11: 0 | O11: 0 | P11: 0 | Q11: 0 | R11: 0 | S11: 0 | T11: 0 | U11: 0 | V11: 0 | W11: 0 | X11: 0 | Y11: 0 | Z11: 0 | AA11: 0 | AB11: 0 | AC11: 231.73

Sheet Emp5Record
B2: Batt>10ft | C2: Batt<10ft | D2: Soffit | E2: Caulk&Foam | F2: Bonus | G2: Cellulose | H2: Other Pay | I2: BIBS | J2: R19 | K2: R30 | L2: R38/R40 | M2: R49/R50 | N2: Cellulose | O2: Soffit | P2: Bonus | Q2: Other Pay | R2: Air Seal | S2: CC 3/4" | T2: CC 1" | U2: CC 2" | V2: CC 3" | W2: OC 4" | X2: OC 6" | Y2: OC 8" | Z2: Bonus | AA2: Other Pay | AB2: Vacation | AC2: Shop
A3: Totals: | B3: =SUM(B7:B50) -> 302 | C3: =SUM(C7:C50) -> 0 | D3: =SUM(D7:D50) -> 4.4 | E3: =SUM(E7:E50) -> 8 | F3: =SUM(F7:F50) -> 100 | G3: =SUM(G7:G50) -> 0 | H3: =SUM(H7:H50) -> 0 | I3: =SUM(I7:I50) -> 31 | ... AB3: =SUM(AB7:AB50) -> 0 | AC3: =SUM(AC7:AC750) -> 231.73
B5: Batt Work | J5: Attic Work | T5: Foam Work
A6: Job Name | B6: Batt>10ft | C6: Batt<10ft | D6: Soffit | E6: Caulk&Foam | F6: Bonus | G6: Cellulose | H6: Other Pay | I6: BIBS | J6: R19 | K6: R30 | L6: R38/R40 | M6: R49/R50 | N6: Cellulose | O6: Soffit | P6: Bonus | Q6: Other Pay | R6: Air Seal | S6: CC 3/4" | T6: CC 1" | U6: CC 2" | V6: CC 3" | W6: OC 4" | X6: OC 6" | Y6: OC 8" | Z6: Bonus | AA6: Other Pay | AB6: Vacation | AC6: Shop
A7: The Bath Reno | B7: 0 | C7: 0 | D7: 0 | E7: 0 | F7: 0 | G7: 0 | H7: 0 | I7: 0 | J7: 0 | K7: 81 | L7: 0 | M7: 0 | N7: 0 | O7: 0 | P7: 0 | Q7: 0 | R7: 0 | S7: 0 | T7: 0 | U7: 0 | V7: 0 | W7: 0 | X7: 0 | Y7: 0 | Z7: 0 | AA7: 0 | AB7: 0 | AC7: 0
A8: Brad Hurst | B8: 0 | C8: 0 | D8: 0 | E8: 0 | F8: 0 | G8: 0 | H8: 0 | I8: 0 | J8: 1123 | K8: 0 | L8: 0 | M8: 0 | N8: 0 | O8: 34.17 | P8: 0 | Q8: 50 | R8: 0 | S8: 0 | T8: 0 | U8: 0 | V8: 0 | W8: 0 | X8: 0 | Y8: 0 | Z8: 0 | AA8: 0 | AB8: 0 | AC8: 0
A9: Jim Werner | B9: 117 | C9: 0 | D9: 0 | E9: 0 | F9: 33.33 | G9: 0 | H9: 0 | I9: 0 | J9: 0 | K9: 0 | L9: 0 | M9: 0 | N9: 0 | O9: 0 | P9: 0 | Q9: 0 | R9: 0 | S9: 0 | T9: 0 | U9: 0 | V9: 0 | W9: 0 | X9: 0 | Y9: 0 | Z9: 0 | AA9: 0 | AB9: 0 | AC9: 0
A10: Beaven | B10: 185 | C10: 0 | D10: 4.4 | E10: 8 | F10: 66.67 | G10: 0 | H10: 0 | I10: 31 | J10: 0 | K10: 0 | L10: 0 | M10: 0 | N10: 0 | O10: 0 | P10: 0 | Q10: 0 | R10: 0 | S10: 0 | T10: 0 | U10: 0 | V10: 0 | W10: 0 | X10: 0 | Y10: 0 | Z10: 0 | AA10: 0 | AB10: 0 | AC10: 0
A11: Monday011526091341 | B11: 0 | C11: 0 | D11: 0 | E11: 0 | F11: 0 | G11: 0 | H11: 0 | I11: 0 | J11: 0 | K11: 0 | L11: 0 | M11: 0 | N11: 0 | O11: 0 | P11: 0 | Q11: 0 | R11: 0 | S11: 0 | T11: 0 | U11: 0 | V11: 0 | W11: 0 | X11: 0 | Y11: 0 | Z11: 0 | AA11: 0 | AB11: 0 | AC11: 231.73

Sheet Emp6Record
B2: Batt>10ft | C2: Batt<10ft | D2: Soffit | E2: Caulk&Foam | F2: Bonus | G2: Cellulose | H2: Other Pay | I2: BIBS | J2: R19 | K2: R30 | L2: R38/R40 | M2: R49/R50 | N2: Cellulose | O2: Soffit | P2: Bonus | Q2: Other Pay | R2: Air Seal | S2: CC 3/4" | T2: CC 1" | U2: CC 2" | V2: CC 3" | W2: OC 4" | X2: OC 6" | Y2: OC 8" | Z2: Bonus | AA2: Other Pay | AB2: Vacation | AC2: Shop
A3: Totals: | B3: =SUM(B7:B50) -> 432 | C3: =SUM(C7:C50) -> 0 | D3: =SUM(D7:D50) -> 0 | E3: =SUM(E7:E50) -> 0 | F3: =SUM(F7:F50) -> 166.67 | G3: =SUM(G7:G50) -> 0 | H3: =SUM(H7:H50) -> 293.23 | I3: =SUM(I7:I50) -> 0 | ... AB3: =SUM(AB7:AB50) -> 0 | AC3: =SUM(AC7:AC750) -> 231.73
B5: Batt Work | J5: Attic Work | T5: Foam Work
A6: Job Name | B6: Batt>10ft | C6: Batt<10ft | D6: Soffit | E6: Caulk&Foam | F6: Bonus | G6: Cellulose | H6: Other Pay | I6: BIBS | J6: R19 | K6: R30 | L6: R38/R40 | M6: R49/R50 | N6: Cellulose | O6: Soffit | P6: Bonus | Q6: Other Pay | R6: Air Seal | S6: CC 3/4" | T6: CC 1" | U6: CC 2" | V6: CC 3" | W6: OC 4" | X6: OC 6" | Y6: OC 8" | Z6: Bonus | AA6: Other Pay | AB6: Vacation | AC6: Shop
A7: The Bath Reno | B7: 0 | C7: 0 | D7: 0 | E7: 0 | F7: 0 | G7: 0 | H7: 0 | I7: 0 | J7: 0 | K7: 81 | L7: 0 | M7: 0 | N7: 0 | O7: 0 | P7: 0 | Q7: 0 | R7: 0 | S7: 0 | T7: 0 | U7: 0 | V7: 0 | W7: 0 | X7: 0 | Y7: 0 | Z7: 0 | AA7: 0 | AB7: 0 | AC7: 0
A8: All Custom | B8: 0 | C8: 0 | D8: 0 | E8: 0 | F8: 0 | G8: 0 | H8: 0 | I8: 0 | J8: 0 | K8: 0 | L8: 208 | M8: 0 | N8: 0 | O8: 0 | P8: 0 | Q8: 0 | R8: 0 | S8: 0 | T8: 0 | U8: 0 | V8: 0 | W8: 0 | X8: 0 | Y8: 0 | Z8: 0 | AA8: 0 | AB8: 0 | AC8: 0
A9: Jacob Heyna | B9: 56 | C9: 0 | D9: 0 | E9: 0 | F9: 100 | G9: 0 | H9: 73.23 | I9: 0 | J9: 0 | K9: 0 | L9: 0 | M9: 0 | N9: 0 | O9: 0 | P9: 0 | Q9: 0 | R9: 0 | S9: 0 | T9: 0 | U9: 0 | V9: 0 | W9: 0 | X9: 0 | Y9: 0 | Z9: 0 | AA9: 0 | AB9: 0 | AC9: 0
A10: CAC QC Crawls | B10: 117 | C10: 0 | D10: 0 | E10: 0 | F10: 0 | G10: 0 | H10: 53.33 | I10: 0 | J10: 0 | K10: 0 | L10: 0 | M10: 0 | N10: 0 | O10: 0 | P10: 0 | Q10: 0 | R10: 0 | S10: 0 | T10: 0 | U10: 0 | V10: 0 | W10: 0 | X10: 0 | Y10: 0 | Z10: 0 | AA10: 0 | AB10: 0 | AC10: 0
A11: Elferich | B11: 0 | C11: 0 | D11: 0 | E11: 0 | F11: 0 | G11: 0 | H11: 166.67 | I11: 0 | J11: 0 | K11: 0 | L11: 0 | M11: 0 | N11: 0 | O11: 0 | P11: 0 | Q11: 0 | R11: 0 | S11: 0 | T11: 0 | U11: 0 | V11: 0 | W11: 0 | X11: 0 | Y11: 0 | Z11: 0 | AA11: 0 | AB11: 0 | AC11: 0
A12: Bill Fulkerson | B12: 259 | C12: 0 | D12: 0 | E12: 0 | F12: 66.67 | G12: 0 | H12: 0 | I12: 0 | J12: 0 | K12: 0 | L12: 0 | M12: 0 | N12: 0 | O12: 0 | P12: 0 | Q12: 0 | R12: 0 | S12: 0 | T12: 0 | U12: 0 | V12: 0 | W12: 0 | X12: 0 | Y12: 0 | Z12: 0 | AA12: 0 | AB12: 0 | AC12: 0
A13: Monday011526091341 | B13: 0 | C13: 0 | D13: 0 | E13: 0 | F13: 0 | G13: 0 | H13: 0 | I13: 0 | J13: 0 | K13: 0 | L13: 0 | M13: 0 | N13: 0 | O13: 0 | P13: 0 | Q13: 0 | R13: 0 | S13: 0 | T13: 0 | U13: 0 | V13: 0 | W13: 0 | X13: 0 | Y13: 0 | Z13: 0 | AA13: 0 | AB13: 0 | AC13: 231.73

Sheet Emp7Record
B2: Batt>10ft | C2: Batt<10ft | D2: Soffit | E2: Caulk&Foam | F2: Bonus | G2: Cellulose | H2: Other Pay | I2: BIBS | J2: R19 | K2: R30 | L2: R38/R40 | M2: R49/R50 | N2: Cellulose | O2: Soffit | P2: Bonus | Q2: Other Pay | R2: Air Seal | S2: CC 3/4" | T2: CC 1" | U2: CC 2" | V2: CC 3" | W2: OC 4" | X2: OC 6" | Y2: OC 8" | Z2: Bonus | AA2: Other Pay | AB2: Vacation | AC2: Shop
A3: Totals: | B3: =SUM(B7:B50) -> 432 | C3: =SUM(C7:C50) -> 0 | D3: =SUM(D7:D50) -> 0 | E3: =SUM(E7:E50) -> 0 | F3: =SUM(F7:F50) -> 166.67 | G3: =SUM(G7:G50) -> 0 | H3: =SUM(H7:H50) -> 293.23 | I3: =SUM(I7:I50) -> 0 | ... AB3: =SUM(AB7:AB50) -> 0 | AC3: =SUM(AC7:AC750) -> 291.73
B5: Batt Work | J5: Attic Work | T5: Foam Work
A6: Job Name | B6: Batt>10ft | C6: Batt<10ft | D6: Soffit | E6: Caulk&Foam | F6: Bonus | G6: Cellulose | H6: Other Pay | I6: BIBS | J6: R19 | K6: R30 | L6: R38/R40 | M6: R49/R50 | N6: Cellulose | O6: Soffit | P6: Bonus | Q6: Other Pay | R6: Air Seal | S6: CC 3/4" | T6: CC 1" | U6: CC 2" | V6: CC 3" | W6: OC 4" | X6: OC 6" | Y6: OC 8" | Z6: Bonus | AA6: Other Pay | AB6: Vacation | AC6: Shop
A7: The Bath Reno | B7: 0 | C7: 0 | D7: 0 | E7: 0 | F7: 0 | G7: 0 | H7: 0 | I7: 0 | J7: 0 | K7: 81 | L7: 0 | M7: 0 | N7: 0 | O7: 0 | P7: 0 | Q7: 0 | R7: 0 | S7: 0 | T7: 0 | U7: 0 | V7: 0 | W7: 0 | X7: 0 | Y7: 0 | Z7: 0 | AA7: 0 | AB7: 0 | AC7: 0
A8: All Custom | B8: 0 | C8: 0 | D8: 0 | E8: 0 | F8: 0 | G8: 0 | H8: 0 | I8: 0 | J8: 0 | K8: 0 | L8: 208 | M8: 0 | N8: 0 | O8: 0 | P8: 0 | Q8: 0 | R8: 0 | S8: 0 | T8: 0 | U8: 0 | V8: 0 | W8: 0 | X8: 0 | Y8: 0 | Z8: 0 | AA8: 0 | AB8: 0 | AC8: 0
A9: Jacob Heyna | B9: 56 | C9: 0 | D9: 0 | E9: 0 | F9: 100 | G9: 0 | H9: 73.23 | I9: 0 | J9: 0 | K9: 0 | L9: 0 | M9: 0 | N9: 0 | O9: 0 | P9: 0 | Q9: 0 | R9: 0 | S9: 0 | T9: 0 | U9: 0 | V9: 0 | W9: 0 | X9: 0 | Y9: 0 | Z9: 0 | AA9: 0 | AB9: 0 | AC9: 0
A10: CAC QC Crawls | B10: 117 | C10: 0 | D10: 0 | E10: 0 | F10: 0 | G10: 0 | H10: 53.33 | I10: 0 | J10: 0 | K10: 0 | L10: 0 | M10: 0 | N10: 0 | O10: 0 | P10: 0 | Q10: 0 | R10: 0 | S10: 0 | T10: 0 | U10: 0 | V10: 0 | W10: 0 | X10: 0 | Y10: 0 | Z10: 0 | AA10: 0 | AB10: 0 | AC10: 0
A11: Elferich | B11: 0 | C11: 0 | D11: 0 | E11: 0 | F11: 0 | G11: 0 | H11: 166.67 | I11: 0 | J11: 0 | K11: 0 | L11: 0 | M11: 0 | N11: 0 | O11: 0 | P11: 0 | Q11: 0 | R11: 0 | S11: 0 | T11: 0 | U11: 0 | V11: 0 | W11: 0 | X11: 0 | Y11: 0 | Z11: 0 | AA11: 0 | AB11: 0 | AC11: 0
A12: Bill Fulkerson | B12: 259 | C12: 0 | D12: 0 | E12: 0 | F12: 66.67 | G12: 0 | H12: 0 | I12: 0 | J12: 0 | K12: 0 | L12: 0 | M12: 0 | N12: 0 | O12: 0 | P12: 0 | Q12: 0 | R12: 0 | S12: 0 | T12: 0 | U12: 0 | V12: 0 | W12: 0 | X12: 0 | Y12: 0 | Z12: 0 | AA12: 0 | AB12: 0 | AC12: 0
A13: Monday011526091341 | B13: 0 | C13: 0 | D13: 0 | E13: 0 | F13: 0 | G13: 0 | H13: 0 | I13: 0 | J13: 0 | K13: 0 | L13: 0 | M13: 0 | N13: 0 | O13: 0 | P13: 0 | Q13: 0 | R13: 0 | S13: 0 | T13: 0 | U13: 0 | V13: 0 | W13: 0 | X13: 0 | Y13: 0 | Z13: 0 | AA13: 0 | AB13: 0 | AC13: 291.73

Sheet Emp8Record
B2: Batt>10ft | C2: Batt<10ft | D2: Soffit | E2: Caulk&Foam | F2: Bonus | G2: Cellulose | H2: Other Pay | I2: BIBS | J2: R19 | K2: R30 | L2: R38/R40 | M2: R49/R50 | N2: Cellulose | O2: Soffit | P2: Bonus | Q2: Other Pay | R2: Air Seal | S2: CC 3/4" | T2: CC 1" | U2: CC 2" | V2: CC 3" | W2: OC 4" | X2: OC 6" | Y2: OC 8" | Z2: Bonus | AA2: Other Pay | AB2: Vacation | AC2: Shop
A3: Totals: | B3: =SUM(B7:B50) -> 0 | C3: =SUM(C7:C50) -> 0 | D3: =SUM(D7:D50) -> 0 | E3: =SUM(E7:E50) -> 0 | F3: =SUM(F7:F50) -> 0 | G3: =SUM(G7:G50) -> 0 | H3: =SUM(H7:H50) -> 0 | I3: =SUM(I7:I50) -> 0 | ... AB3: =SUM(AB7:AB50) -> 0 | AC3: =SUM(AC7:AC750) -> 0
B5: Batt Work | J5: Attic Work | T5: Foam Work
A6: Job Name | B6: Batt>10ft | C6: Batt<10ft | D6: Soffit | E6: Caulk&Foam | F6: Bonus | G6: Cellulose | H6: Other Pay | I6: BIBS | J6: R19 | K6: R30 | L6: R38/R40 | M6: R49/R50 | N6: Cellulose | O6: Soffit | P6: Bonus | Q6: Other Pay | R6: Air Seal | S6: CC 3/4" | T6: CC 1" | U6: CC 2" | V6: CC 3" | W6: OC 4" | X6: OC 6" | Y6: OC 8" | Z6: Bonus | AA6: Other Pay | AB6: Vacation | AC6: Shop
A7: Wendy Bredhold | B7: 0 | C7: 0 | D7: 0 | E7: 0 | F7: 0 | G7: 0 | H7: 0 | I7: 0 | J7: 0 | K7: 0 | L7: 0 | M7: 0 | N7: 0 | O7: 0 | P7: 0 | Q7: 0 | R7: 0 | S7: 0 | T7: 0 | U7: 12.1 | V7: 0 | W7: 0 | X7: 0 | Y7: 0 | Z7: 100 | AA7: 0 | AB7: 0 | AC7: 0
A8: Heidorn | B8: 0 | C8: 0 | D8: 0 | E8: 0 | F8: 0 | G8: 0 | H8: 0 | I8: 0 | J8: 0 | K8: 0 | L8: 0 | M8: 0 | N8: 0 | O8: 0 | P8: 0 | Q8: 0 | R8: 0 | S8: 0 | T8: 0 | U8: 11.33 | V8: 0 | W8: 0 | X8: 0 | Y8: 0 | Z8: 60 | AA8: 0 | AB8: 0 | AC8: 0
A9: Charles Garrison | B9: 0 | C9: 0 | D9: 0 | E9: 0 | F9: 0 | G9: 0 | H9: 0 | I9: 0 | J9: 0 | K9: 0 | L9: 0 | M9: 0 | N9: 0 | O9: 0 | P9: 0 | Q9: 0 | R9: 0 | S9: 0 | T9: 0 | U9: 49.61 | V9: 0 | W9: 0 | X9: 0 | Y9: 0 | Z9: 150 | AA9: 0 | AB9: 0 | AC9: 0
A10: Foam Trailer | B10: 0 | C10: 0 | D10: 0 | E10: 0 | F10: 0 | G10: 0 | H10: 0 | I10: 0 | J10: 0 | K10: 0 | L10: 0 | M10: 0 | N10: 0 | O10: 0 | P10: 0 | Q10: 0 | R10: 0 | S10: 0 | T10: 0 | U10: 0 | V10: 0 | W10: 0 | X10: 0 | Y10: 0 | Z10: 90 | AA10: 0 | AB10: 0 | AC10: 0

Sheet Emp9Record
B2: Batt>10ft | C2: Batt<10ft | D2: Soffit | E2: Caulk&Foam | F2: Bonus | G2: Cellulose | H2: Other Pay | I2: BIBS | J2: R19 | K2: R30 | L2: R38/R40 | M2: R49/R50 | N2: Cellulose | O2: Soffit | P2: Bonus | Q2: Other Pay | R2: Air Seal | S2: CC 3/4" | T2: CC 1" | U2: CC 2" | V2: CC 3" | W2: OC 4" | X2: OC 6" | Y2: OC 8" | Z2: Bonus | AA2: Other Pay | AB2: Vacation | AC2: Shop
A3: Totals: | B3: =SUM(B7:B50) -> 0 | C3: =SUM(C7:C50) -> 0 | D3: =SUM(D7:D50) -> 0 | E3: =SUM(E7:E50) -> 0 | F3: =SUM(F7:F50) -> 0 | G3: =SUM(G7:G50) -> 0 | H3: =SUM(H7:H50) -> 0 | I3: =SUM(I7:I50) -> 0 | ... AB3: =SUM(AB7:AB50) -> 0 | AC3: =SUM(AC7:AC750) -> 0
B5: Batt Work | J5: Attic Work | T5: Foam Work
A6: Job Name | B6: Batt>10ft | C6: Batt<10ft | D6: Soffit | E6: Caulk&Foam | F6: Bonus | G6: Cellulose | H6: Other Pay | I6: BIBS | J6: R19 | K6: R30 | L6: R38/R40 | M6: R49/R50 | N6: Cellulose | O6: Soffit | P6: Bonus | Q6: Other Pay | R6: Air Seal | S6: CC 3/4" | T6: CC 1" | U6: CC 2" | V6: CC 3" | W6: OC 4" | X6: OC 6" | Y6: OC 8" | Z6: Bonus | AA6: Other Pay | AB6: Vacation | AC6: Shop

Sheet Emp10Record
B2: Batt>10ft | C2: Batt<10ft | D2: Soffit | E2: Caulk&Foam | F2: Bonus | G2: Cellulose | H2: Other Pay | I2: BIBS | J2: R19 | K2: R30 | L2: R38/R40 | M2: R49/R50 | N2: Cellulose | O2: Soffit | P2: Bonus | Q2: Other Pay | R2: Air Seal | S2: CC 3/4" | T2: CC 1" | U2: CC 2" | V2: CC 3" | W2: OC 4" | X2: OC 6" | Y2: OC 8" | Z2: Bonus | AA2: Other Pay | AB2: Vacation | AC2: Shop
A3: Totals: | B3: =SUM(B7:B50) -> 0 | C3: =SUM(C7:C50) -> 0 | D3: =SUM(D7:D50) -> 0 | E3: =SUM(E7:E50) -> 0 | F3: =SUM(F7:F50) -> 0 | G3: =SUM(G7:G50) -> 0 | H3: =SUM(H7:H50) -> 0 | I3: =SUM(I7:I50) -> 0 | ... AB3: =SUM(AB7:AB50) -> 0 | AC3: =SUM(AC7:AC750) -> 0
B5: Batt Work | J5: Attic Work | T5: Foam Work
A6: Job Name | B6: Batt>10ft | C6: Batt<10ft | D6: Soffit | E6: Caulk&Foam | F6: Bonus | G6: Cellulose | H6: Other Pay | I6: BIBS | J6: R19 | K6: R30 | L6: R38/R40 | M6: R49/R50 | N6: Cellulose | O6: Soffit | P6: Bonus | Q6: Other Pay | R6: Air Seal | S6: CC 3/4" | T6: CC 1" | U6: CC 2" | V6: CC 3" | W6: OC 4" | X6: OC 6" | Y6: OC 8" | Z6: Bonus | AA6: Other Pay | AB6: Vacation | AC6: Shop

Sheet Emp11Record
B2: Batt>10ft | C2: Batt<10ft | D2: Soffit | E2: Caulk&Foam | F2: Bonus | G2: Cellulose | H2: Other Pay | I2: BIBS | J2: R19 | K2: R30 | L2: R38/R40 | M2: R49/R50 | N2: Cellulose | O2: Soffit | P2: Bonus | Q2: Other Pay | R2: Air Seal | S2: CC 3/4" | T2: CC 1" | U2: CC 2" | V2: CC 3" | W2: OC 4" | X2: OC 6" | Y2: OC 8" | Z2: Bonus | AA2: Other Pay | AB2: Vacation | AC2: Shop
A3: Totals: | B3: =SUM(B7:B50) -> 0 | C3: =SUM(C7:C50) -> 0 | D3: =SUM(D7:D50) -> 0 | E3: =SUM(E7:E50) -> 0 | F3: =SUM(F7:F50) -> 0 | G3: =SUM(G7:G50) -> 0 | H3: =SUM(H7:H50) -> 0 | I3: =SUM(I7:I50) -> 0 | ... AB3: =SUM(AB7:AB50) -> 0 | AC3: =SUM(AC7:AC750) -> 0
B5: Batt Work | J5: Attic Work | T5: Foam Work
A6: Job Name | B6: Batt>10ft | C6: Batt<10ft | D6: Soffit | E6: Caulk&Foam | F6: Bonus | G6: Cellulose | H6: Other Pay | I6: BIBS | J6: R19 | K6: R30 | L6: R38/R40 | M6: R49/R50 | N6: Cellulose | O6: Soffit | P6: Bonus | Q6: Other Pay | R6: Air Seal | S6: CC 3/4" | T6: CC 1" | U6: CC 2" | V6: CC 3" | W6: OC 4" | X6: OC 6" | Y6: OC 8" | Z6: Bonus | AA6: Other Pay | AB6: Vacation | AC6: Shop

Sheet Emp12Record
B2: Batt>10ft | C2: Batt<10ft | D2: Soffit | E2: Caulk&Foam | F2: Bonus | G2: Cellulose | H2: Other Pay | I2: BIBS | J2: R19 | K2: R30 | L2: R38/R40 | M2: R49/R50 | N2: Cellulose | O2: Soffit | P2: Bonus | Q2: Other Pay | R2: Air Seal | S2: CC 3/4" | T2: CC 1" | U2: CC 2" | V2: CC 3" | W2: OC 4" | X2: OC 6" | Y2: OC 8" | Z2: Bonus | AA2: Other Pay | AB2: Vacation | AC2: Shop
A3: Totals: | B3: =SUM(B7:B50) -> 0 | C3: =SUM(C7:C50) -> 0 | D3: =SUM(D7:D50) -> 0 | E3: =SUM(E7:E50) -> 0 | F3: =SUM(F7:F50) -> 0 | G3: =SUM(G7:G50) -> 0 | H3: =SUM(H7:H50) -> 0 | I3: =SUM(I7:I50) -> 0 | ... AB3: =SUM(AB7:AB50) -> 0 | AC3: =SUM(AC7:AC750) -> 0
B5: Batt Work | J5: Attic Work | T5: Foam Work
A6: Job Name | B6: Batt>10ft | C6: Batt<10ft | D6: Soffit | E6: Caulk&Foam | F6: Bonus | G6: Cellulose | H6: Other Pay | I6: BIBS | J6: R19 | K6: R30 | L6: R38/R40 | M6: R49/R50 | N6: Cellulose | O6: Soffit | P6: Bonus | Q6: Other Pay | R6: Air Seal | S6: CC 3/4" | T6: CC 1" | U6: CC 2" | V6: CC 3" | W6: OC 4" | X6: OC 6" | Y6: OC 8" | Z6: Bonus | AA6: Other Pay | AB6: Vacation | AC6: Shop

Sheet Emp13Record
B2: Batt>10ft | C2: Batt<10ft | D2: Soffit | E2: Caulk&Foam | F2: Bonus | G2: Cellulose | H2: Other Pay | I2: BIBS | J2: R19 | K2: R30 | L2: R38/R40 | M2: R49/R50 | N2: Cellulose | O2: Soffit | P2: Bonus | Q2: Other Pay | R2: Air Seal | S2: CC 3/4" | T2: CC 1" | U2: CC 2" | V2: CC 3" | W2: OC 4" | X2: OC 6" | Y2: OC 8" | Z2: Bonus | AA2: Other Pay | AB2: Vacation | AC2: Shop
A3: Totals: | B3: =SUM(B7:B50) -> 0 | C3: =SUM(C7:C50) -> 0 | D3: =SUM(D7:D50) -> 0 | E3: =SUM(E7:E50) -> 0 | F3: =SUM(F7:F50) -> 0 | G3: =SUM(G7:G50) -> 0 | H3: =SUM(H7:H50) -> 0 | I3: =SUM(I7:I50) -> 0 | ... AB3: =SUM(AB7:AB50) -> 0 | AC3: =SUM(AC7:AC750) -> 0
B5: Batt Work | J5: Attic Work | T5: Foam Work
A6: Job Name | B6: Batt>10ft | C6: Batt<10ft | D6: Soffit | E6: Caulk&Foam | F6: Bonus | G6: Cellulose | H6: Other Pay | I6: BIBS | J6: R19 | K6: R30 | L6: R38/R40 | M6: R49/R50 | N6: Cellulose | O6: Soffit | P6: Bonus | Q6: Other Pay | R6: Air Seal | S6: CC 3/4" | T6: CC 1" | U6: CC 2" | V6: CC 3" | W6: OC 4" | X6: OC 6" | Y6: OC 8" | Z6: Bonus | AA6: Other Pay | AB6: Vacation | AC6: Shop

Sheet Emp14Record
B2: Batt>10ft | C2: Batt<10ft | D2: Soffit | E2: Caulk&Foam | F2: Bonus | G2: Cellulose | H2: Other Pay | I2: BIBS | J2: R19 | K2: R30 | L2: R38/R40 | M2: R49/R50 | N2: Cellulose | O2: Soffit | P2: Bonus | Q2: Other Pay | R2: Air Seal | S2: CC 3/4" | T2: CC 1" | U2: CC 2" | V2: CC 3" | W2: OC 4" | X2: OC 6" | Y2: OC 8" | Z2: Bonus | AA2: Other Pay | AB2: Vacation | AC2: Shop
A3: Totals: | B3: =SUM(B7:B50) -> 0 | C3: =SUM(C7:C50) -> 0 | D3: =SUM(D7:D50) -> 0 | E3: =SUM(E7:E50) -> 0 | F3: =SUM(F7:F50) -> 0 | G3: =SUM(G7:G50) -> 0 | H3: =SUM(H7:H50) -> 0 | I3: =SUM(I7:I50) -> 0 | ... AB3: =SUM(AB7:AB50) -> 0 | AC3: =SUM(AC7:AC750) -> 0
B5: Batt Work | J5: Attic Work | T5: Foam Work
A6: Job Name | B6: Batt>10ft | C6: Batt<10ft | D6: Soffit | E6: Caulk&Foam | F6: Bonus | G6: Cellulose | H6: Other Pay | I6: BIBS | J6: R19 | K6: R30 | L6: R38/R40 | M6: R49/R50 | N6: Cellulose | O6: Soffit | P6: Bonus | Q6: Other Pay | R6: Air Seal | S6: CC 3/4" | T6: CC 1" | U6: CC 2" | V6: CC 3" | W6: OC 4" | X6: OC 6" | Y6: OC 8" | Z6: Bonus | AA6: Other Pay | AB6: Vacation | AC6: Shop

Sheet Emp15Record
B2: Batt>10ft | C2: Batt<10ft | D2: Soffit | E2: Caulk&Foam | F2: Bonus | G2: Cellulose | H2: Other Pay | I2: BIBS | J2: R19 | K2: R30 | L2: R38/R40 | M2: R49/R50 | N2: Cellulose | O2: Soffit | P2: Bonus | Q2: Other Pay | R2: Air Seal | S2: CC 3/4" | T2: CC 1" | U2: CC 2" | V2: CC 3" | W2: OC 4" | X2: OC 6" | Y2: OC 8" | Z2: Bonus | AA2: Other Pay | AB2: Vacation | AC2: Shop
A3: Totals: | B3: =SUM(B7:B50) -> 0 | C3: =SUM(C7:C50) -> 0 | D3: =SUM(D7:D50) -> 0 | E3: =SUM(E7:E50) -> 0 | F3: =SUM(F7:F50) -> 0 | G3: =SUM(G7:G50) -> 0 | H3: =SUM(H7:H50) -> 0 | I3: =SUM(I7:I50) -> 0 | ... AB3: =SUM(AB7:AB50) -> 0 | AC3: =SUM(AC7:AC750) -> 0
B5: Batt Work | J5: Attic Work | T5: Foam Work
A6: Job Name | B6: Batt>10ft | C6: Batt<10ft | D6: Soffit | E6: Caulk&Foam | F6: Bonus | G6: Cellulose | H6: Other Pay | I6: BIBS | J6: R19 | K6: R30 | L6: R38/R40 | M6: R49/R50 | N6: Cellulose | O6: Soffit | P6: Bonus | Q6: Other Pay | R6: Air Seal | S6: CC 3/4" | T6: CC 1" | U6: CC 2" | V6: CC 3" | W6: OC 4" | X6: OC 6" | Y6: OC 8" | Z6: Bonus | AA6: Other Pay | AB6: Vacation | AC6: Shop

Sheet Pay Rates
A1: Pay Rates
A2: Name | B2: Rate
A3: Batt >10ft | B3: 0.09
A4: Batt <10ft | B4: 0.1
A5: Soffit - Existing | B5: 2.5
A6: Bibs - Full Install | B6: 0.2
A7: Bibs - Netting | B7: 0.06
A8: Bibs - Air Tack | B8: 0.06
A9: Bibs - Blow | B9: 0.08
A10: R-19 Blow | B10: 0.08
A11: R-30 Blow | B11: 0.09
A12: R-38/40 Blow | B12: 0.1
A13: R-49/50 Blow | B13: 0.11
A14: Cellulose - Attic | B14: 0.1
... A23: Open Cell >= 4" | B23: 0.15
